tier,rank,summonerId,summonerName,leaguePoints,wins,losses,veteran,inactive,freshBlood,hotStreak,puuid,region
CHALLENGER,I,obauNAFDKq0a5rz6zNZmjyoH0QLpEb7MUqm91K1EuclxNDdRON0CqrS2tw,,510,41,17,False,False,True,False,t16S8FFVt5U9v3Ib-DPM9-jgVoIr2konhIVInQBQoQPdjovtmxSQA1ePY-oP6iQmxvx6G351gZuMng,tr1
CHALLENGER,I,gpGe7SOxMzcXmjYVRpIwFRzMAush2yFyESiBL8w_MgchiQZFY-hLzSlFLg,dalgasın Æ,549,62,26,False,False,True,True,VJ601Qe6v3VuTiQ_32DBe5s839qrt_PNcgFfqyti0JPpAH9NSm082qQThM2NNC-a6DbLdWLr405vEA,tr1
CHALLENGER,I,-Xndvo6uSkJ6LQpT-nuKRRbLa0YuD-SBZFU64J4uvaZsosZdVQ9q6kIKMQ,Remember Me DW,748,86,56,False,False,True,False,xn-Rp-FaKB0-N4Qy2p59VMzXyW5Q29NESOb8ztbWC1UrNyA_uLhFcSKB_wvmiL0nvrdX_jn1dB_hIQ,tr1
CHALLENGER,I,_AgSUZxn5Sk0YAtdKLN5WhlLlAvrsuzaOwDohFyPHKF8sKbNg76RXZ02Cw,Xampiaro,509,58,30,False,False,True,True,mHvfZptlLAmsMRXAOJUuAdbllVYyhjVxsoeqr3UafkaOj3yY8D8OLVNTyHgrNru0j-pWWZ_b5BbalA,tr1
CHALLENGER,I,n2P3pnVx4wMQbbyDMg9STRf46F8T6pLtRsxJ__Cueik1ZNKbvKKm5UJ7Fw,CrawL4fun,703,59,27,False,False,True,False,eJyD_fjZb3lncRTD4s_VCtgZ9Yn2qdvWgU9w4xmyBaOooYgjkA5cGFoZnkzDGUzYd-xJoEn4mY1lqA,tr1
CHALLENGER,I,TRzvVIMpcym56hS09fm4X3J0XuSCLh9djAhmXWKZ6n6pbQ,GARNET Blade,518,55,40,False,False,True,False,lprVCr2uWJtoAWivMsW8cK_gNnhUrzyAw1nRFh9vG-weGI3qQ68bWP6eYmwvWQgyWXex4ttJb8MaIg,tr1
GRANDMASTER,I,2eIA6s607bCJ8zTIgrKu3hsVy0OLlFYlcHyNfuMpCCKQDpTpsu_vBT2hNw,feelings lie,200,30,14,False,False,True,False,Zv_355__ULXT_9qLKTw8axa6xkO5RvnInqglYnLub3pzfcvc0SxWK3Vet6jQ1klWYTLcFnVMeMrIyg,tr1
GRANDMASTER,I,e7N0OPzorJEWNH3nKOA99sP0_peFKSWOkBMtOta9n9vtnaMwme3TOgCHeQ,Eunectısss,291,48,36,False,False,True,False,pwol2AIWdJRqsriZcXXVvRykLQpHpY1mYS-G2tuzAHza2NqM38LFAOJwcxEbeDo1sr0q4_6lo9aQBw,tr1
GRANDMASTER,I,1x6CtOfRiXK8DPmx65e0pSZv4_0S5WLMhmHtQ5-qwBOEZmM,7 words,279,59,48,False,False,True,False,NPZsgYjS25jjC0zrcNNZSeoL-PiUzIek-M5-nwCWH557CfI0LXA8OwawMhKRWf9f4SBcQ3FAikguOQ,tr1
GRANDMASTER,I,3PJ5UqG5jQNeQKD6maIepL-UOjqIYXTl2V8HmrK6XRnhnGk,the presets,259,48,32,False,False,True,False,ab8zbPi-r3umLJKuFGXHO2x-39GKCITgY95i0comKX3TXBI06kt4mKOPzZ5d0S0RHO4lUXFwnGibjA,tr1
GRANDMASTER,I,2z5tm1kO8c_Z52vT_DQOwBRBD7lURGPZa3qkePQMhEvQDXQ,Petrichor,409,46,22,False,False,True,False,kObYKXmWJXR8b9TrJPgcMJuRNPdznvzaEG7A9XyIXoz9HNi92hxVVIRnLoZdfwePNJ37GPScjWL6mA,tr1
GRANDMASTER,I,tR3n1jqVWtWbrBb842CyfheqzqikgXl7VuE0TtJClpMW07s,BadTheBone,276,69,40,False,False,True,False,jWGWOrLcyQLdwfv2FsuvQtiUS_jH-rlKXpNFfTiO9WLojK2JBp8xlGsPTl1ObApgf-FXfQsrJkNCQg,tr1
GRANDMASTER,I,8xjIVpuQQXk4BF7KBd3Wjx9qOLq-cIR1Jhp7bvh2PehyUw,maskelibalo1156,349,33,14,False,False,True,True,xLnSEHhhWOgAOyiJBAaOLrjsmkFYh-tEIH_uS8tzCdEe_WE-uw1GIfZjl1K501rKY08ikHMxNCVwQQ,tr1
GRANDMASTER,I,7VOIgzcdBOdnnt5jqxeKHDJD1tLVPgSTF4MbuXoG1HcxIg,Bessame,299,70,48,False,False,True,False,IqaJv0sdWSsG5O9e6rcqnc1dO_xHFaiQ5a1GByRWbXL_6Vdt7-neYOjfvGiOl3h_COd6sEV4K9LkTA,tr1
GRANDMASTER,I,ag81iADNE76GInqGt3Zdib6NwbQtUncNyDGW6-mIQAlNIg,Yohji Yamamoto,245,30,11,False,False,True,False,H21_crkKqpYV7U72Nb9_yGejVleQY64LpT9CALDmctvt39umDq0QpLXLAmuHhp9tK0TNDsZzTnMgGQ,tr1
GRANDMASTER,I,ca_Fa78FqlphhR7bPvpsGX9W4nzO3QRy4gt26XjVCJZynj3V0ylmMMrMLw,Pace Yourself,216,66,39,False,False,True,False,rQdA_eJWzhdLECgjTRXFXEA01XcAGMx8iq29xhguQbpgiD1_eV_ZpnsYOCY3TZ7G_ExSAUEJY9s3zQ,tr1
GRANDMASTER,I,t29T0W8PIZEkpo9nBDqBmUKXd0WbU7J6uqwuXLbVxvp_mCQ,BloodyWarwick,266,37,14,False,False,True,False,rATX5FqvOFV-8aELltfiBfIPxtJysSySw49xYfCrfTFY3Swmkrt_uBEtXDG7OUh1ekjnISXRHmQZKA,tr1
GRANDMASTER,I,sIPpljecKef8QBgLcpXs5mV8ZPS6coMrnPCQrbjeOrPJ,KOBRA5,297,44,37,False,False,True,True,P_EppLb9EKQBT-2oLdqpN4H-jGqP_qV-cn63HNTlKKz64ZDtNwyvPhjZvTnPd_mn_1HQsD8mvGH3gA,tr1
GRANDMASTER,I,S21-H3Na7HEA1o4C-LXHuPrKJn9sfALzcISvfxVfJSF27qU,FEAR OF DEAD,208,39,34,False,False,True,False,2vDw7sCeqP_KGPqMPXYxL3pJR8Jgom7eheP1s_DhAKOyzo17Mc5ace3RDp_2-dc6bBJlaw-_H7EMPg,tr1
GRANDMASTER,I,M-Ef1828fIuhyWDoK6NP1a0nknN4wkIaqX1cg7WfgcSmOw,DİØ BRANDØ,242,40,31,False,False,True,False,9nfAc4wQIty2Kd9-GCamP_xXX2Jq4sXgF901HT2-zXlQ3rK5TgFBDc7stKjq9sOhfOwIFENnkTEl6g,tr1
GRANDMASTER,I,XX4fFo9GccHhEK1OBPjCB9caNEFoHtl0IPntSCem94mG3Q,Cilet Memuru,372,51,32,False,False,True,False,pgsii2Ruf-cMc0GZctH7H-sEnLoCA0enHYs0vntdJTkGt3gWUebHIfd2gCm33XANJzGxLdNJ9p0b2Q,tr1
GRANDMASTER,I,HyBtGjJaquDaRMD953ADBmnQGIHHRH-LvnfqhWlsDmlSvQ,Parse,247,46,26,False,False,True,True,P9hqGH0XbyO8Gn7M4GIWRgEFwtyHNQtomBZbHsZV_kH9VB8lvjxIMBQdtNQd86JdD4lb-oUOMnDaMA,tr1
GRANDMASTER,I,3_fQceeBtdZ7_CJNrlmK_CCbKxTBrJcDS7OWIdC4sMIoCw,god take my life,243,43,32,False,False,True,False,pCqYUSOeD8CYdyIJ4XleybBhsxagzBSXsRlRpV0yYM9QbNA9O0tJfuyPsyYCSFGGQNRZXl6BL2bC_A,tr1
GRANDMASTER,I,AeuXQp_JDl3WPLe6qqTuMaligBQ_64WkLI3e-FaLgYD4xUc,Sweoleah,323,47,35,False,False,True,False,YBGV3ymZ3YCSgv4yMx54At2o_we5DxvuZUqj5_263MkdLKvx9NS9ay_vIIxrf0alBaZCv-vD2T0EMA,tr1
GRANDMASTER,I,dOMpjJsS5Nc8PgB4f7Nd8380aopc0bJEVql5fk2T_Gq-ibGikmKVMeUTnw,ZarganaAvcısıv2,270,49,38,False,False,True,False,eP-h8HDtzvWB9ZCbiIhJIOxTWl5TysCdpm0CeLSU7-8wtNZtnTWykXMEucxbTCvojyw9OnJGZdLV-g,tr1
GRANDMASTER,I,fHCHyVE1hM-_sKO5aXsHtFo5Uv76T5DClSUAwTQLJRaSOJw4vyNtZpSnXA,riccio paşa,223,44,26,False,False,True,False,JcXdPDTYQF06PmIeogVLO1JCip7Pma7gmFDs7TQuNgX9qTEMsEmF62znziIPvLd8czTZ0HwCESoKVA,tr1
GRANDMASTER,I,BIWsXTHxDqLzdi-rkalsq1Xr5XFyYtWf-2Uj4V8uCReG2Iw,KÂRAÇALI,355,43,22,False,False,True,False,RHRSgbqrBCRp1MqhliPTofL7i-6uq08gob3_OSM59u1Zk_7uI2XgoSMSCGtcvsNEwf-64F_sVmUzgQ,tr1
GRANDMASTER,I,cBtD4AcEGYgSDSfM389aA9QhvZAafQwClOsKcX6tXl3TbA,Poles 1469,217,43,27,False,False,True,False,4wtqNQKU154SOqwDoNbZvdTtV2EBPd2qRIF8WqX_7aYIP9IdS0aKg3a504yBy71KpMo2O4iih9JCGQ,tr1
GRANDMASTER,I,WP4IKgYFI6_PGaHC6cb82QZZCk2Q2-pwpOqQtRn066kvDrBddAHfjxiCLw,güllemert31,242,37,27,False,False,True,False,gqnQBXDVdbH96Sg62efqT-2kXBEg8g2PeKlqh2qcd1hyD-N021dUDGEF54X2dS-b7iX58-bK2oC4gg,tr1
GRANDMASTER,I,LOE640-N29u7_1GOiqrwSopqKxkFSHTsFNtMZ9BvtpyRMwFm-drTR2byNg,Wencybin,361,60,17,False,False,True,True,07SjwOgetvJdVjgitTwSIGGDas5nGcJBWUmMXAXgaS1Saq1fv1endExWCCfJmYGe4xZ5T_u148f03g,tr1
GRANDMASTER,I,0vRE6Prq_3si--ROOn-gWtNloZJ1IGcTr4rb-kvBGOpY3RA,Aslao,288,32,14,False,False,True,True,32c0EXPN-RrFAeT_rf-knSCIhQWrUQHNqgnclzvqXMB67IDMdRRAtgxK9dzbyL-4iB-Oio31sADrFQ,tr1
GRANDMASTER,I,vqGBWRUMH4_R93lVhS-eMq4TE8_ee7h4HFkHJhcEDVJJow,mentalterrorist,296,33,12,False,False,True,True,T4s7GuGHG_y8kC5vtgiGC1puMFzBwJwhQWVzu3ngCq8ctPKV4E99d0goFuhj8ppTje5bq7lpRSI9tw,tr1
GRANDMASTER,I,JML92iLrgFfpcH3PXmrxTPuUtt2vY7rUTIBXFgSXjYVDanQ,urfalı başkan,209,46,35,False,False,True,True,xHuPE_tGMGYmZ9aPdEmzd84IaJ_y3h8ku--qPTyJjkO6OwP2DulpO4S5b3LWAeqK1xBMqopVnoKUag,tr1
GRANDMASTER,I,_TbV_-brGHhKP1a-BLSPiL-6rZjGBBybAIQIm8-b5CeL47Q,Tactcosmicty,232,40,22,False,False,True,False,Kqg2IOSdwT3hAcCT17YkRp2gpB0JS54NaKeUR_PSmt66bqM55AXOpFY4swIu6nAvVxjcQaOygrMVuA,tr1
GRANDMASTER,I,7gk3o5_igaZqjz_EkbZMaTbczikIUVYxC3itcbfghS5MO5Y,Lêê SîN IV,223,35,16,False,False,True,False,pc-GAq6IOY_kcQXEdjNxHiB-3LErDggsHNYxc7_LVKOcTKqrZT5GNVbWDj1qAKAbfyOl7zsZt8IAGQ,tr1
GRANDMASTER,I,C-oDtWKVTlPh-A03lb9899GNbhd_QeyxiD0eERaBMf-P,Lacris,341,56,38,False,False,True,False,cjrM4D7moU3hQxRsCb-Anb84v1g_f6KkS0wq5eXCdDwm28RR-SfLKMjHLXn132sSO5J0zGHUoM71gQ,tr1
GRANDMASTER,I,AI5wPwJk0SYRbf2LGh0PBZ8sSiycFvfAItwSrMX5LUpqID8lTze0OoxEOA,Jowqen,224,33,21,False,False,True,False,C-ceQD93248-EnoHg8U8VxmnYF2duN7rEsglgUpOWZMHMxZ1b8dEawmYAC1QCDpzuzHrn3y04NSr5A,tr1
GRANDMASTER,I,yopJqtVdRcrVD59PO0u8i-RH5cujbxvgNDhLnkk0bazb3XM,Ardént Blaze,395,41,17,False,False,True,False,cyWvgMIJlLKUm3g6ZLf3cvo7y-aVQ4DZtukOnvVpNq7PGrTievmCtr-yAnEcb_Me7J38Czg5ZSbojg,tr1
GRANDMASTER,I,GH92grb4Q6TFPhAdGXFzZJvr6vqMJu6hVCez5HsCzhiC_KUueBDTgX2vmw,Fineiann,210,31,11,False,False,True,False,nR2KUWGbHFv5HAhl219YPZ6AuIhBVaYfDP9as0qSDkeGWAxbfOdtzhTZzZk0ekfpwYVPgl9Sa-Zo7Q,tr1
GRANDMASTER,I,17r_dD_cAlfG601PrDEDiAYld8Q2D0eZ9hGl82-8gHyyQQ,Lyunara,200,39,30,False,False,True,True,iJaiEXGqUER08hjuKDsKJsCqnkiGDI36SV9sVq6IDWSlRXAapP_DU1SEM8Z6rrNlhjAo-RERpcYwOQ,tr1
GRANDMASTER,I,MA0bPmFZZJ8SqnUZOqrNW9raV_gw9GIcVHdfrtcxsn6sKJSpYuQssI8v_Q,,211,64,35,False,False,True,False,9p2oS8b942zAtxkYIpIgcg4IzoEDO-XnRb5CLND-jYqWgZTXq8kpdPF743_XbemzcccC99Q4_82qUg,tr1
GRANDMASTER,I,LCnpIZfZ5SSLeZ1HqWH_o5LnkIs8AZRXFB7fFlBfrCLnOznNSx6M0ysmzA,batuyaan,416,84,63,False,False,True,True,iHVuqAz9nZiA8DnSuIIRFmvKLHoc-ZQqlz4ID1kIP1CnU5fbyPM52dGRa3VjVnBy4ewUjqw21OtFPw,tr1
GRANDMASTER,I,TVnZ7ath5HQjoeWkj3ljpuuSwL85iqYHrcSZ9ysoJCzXsfp8AJEHLtmYaw,Yehyri,220,45,43,False,False,True,True,uUCs25ZRKAwkC2MtCTpa2ud_hn1fDTRfn0JoOQFwwaNhz7_j6tMwiRtsbVGxSbFaHJ7v720pr09mbg,tr1
GRANDMASTER,I,PoAIZ-F_Y6W46MF-E-eK6YZ5ue9H4aiez6uvPsbPCE8u2KA,HaIsey,328,37,23,False,False,True,True,vaCslgXqESLtO5ZYtIACxgbAiT0m6ifuSkVHXd45_z5lo3t2GxzPAhcTDs9Kp9NRBXggcldmWmIOvA,tr1
GRANDMASTER,I,B1VBRiP0OE379mgonwM4vXu9A9nRB1uzFwNlOdhz3DIUh5sJNHXBZcvUMQ,TALEOFADEMON,334,38,18,False,False,True,False,vcX0bwOdAPAx_3Y0xD_d2rSMMLSPKa6fXmfArrWDGsmeNT-0JmMGSEAMUR4GvnVCnD7WMfZJRyIFSA,tr1
GRANDMASTER,I,sOSlGT4kNMqand1jR3Zvt1OKjMPAzr6hnvXBZSAWOdKLdd9q7J6Q7pGBPg,VALLA SON FRESH,202,47,33,False,False,True,True,-3H4lyNqGIyxa3DeO-444pSmQ_NKO2m-2bgTT6FPRe497SYaiUSK7B9eVjWAWVrCUKG9GJun8WE3zA,tr1
GRANDMASTER,I,m9R7axVGi3CsKk6AIXq-py5vMFAddHa6ZOa__3yh-nyafjsHFxjcU_7Q2w,Xewrath,146,46,36,False,False,True,False,eKTSmrG2X7fvsmDD6Lep-H2vWRvBoLjouNZr-4wCL4UYRZz-vzMuiSbp5PfVmgHIN8Oj3FhYmvpBvg,tr1
GRANDMASTER,I,S7P8wuGdMRughKW6wYi5aNoaka8gC4bXHyQwCJCaB8be,MagiCc1,203,45,41,False,False,True,False,nFz8r-zVEIIQkc5SXP3iny8L6e2I-7GL1i7Rd2xHg3Hh9a86lMnGnNwktd4oxEkV3d3HaEut1HkfnA,tr1
GRANDMASTER,I,Ro6eBJFIYPnJlGL_XX0ciaCe2ZGMWPFnLIFN3gwm0gALeAUeF_NmRot-Aw,I am By Pars,210,64,53,False,False,True,False,NpQDFoV4KVbfkguXNW-uPGcUHR-fG9qhHzDOtl61oLNTY1ncM5_67_PQXrlObhZ7bBAVjB36zoeK1w,tr1
GRANDMASTER,I,PL8yXfiDtjRTxJJSPLu4k4f7rOTXuD2qUdnPGZo0cffUIyuHjU-n-LT9lg,Deolleigh,381,56,37,False,False,True,False,Tqd5uG_wgOah0PIkqIutURn3OSwb_WNysPDlH4UWVm-NHHcbCkWZiY6ln0g0c5DCPXqnTf23k6I62g,tr1
GRANDMASTER,I,6jGJ5r3brdMRdLGe3doQ6zFrjQwf-HLBGWhsb81x4-HAmgM,Giselle,436,48,28,False,False,True,False,jDBsP3DmWv6gGwjeo9DxCEySGE75KPOYIPcVIaCkw5-vliPQ1HCemHmAMO4IzDojQ-ebcrilLll36A,tr1
MASTER,I,dV-nUA3N3TZcsUdO9yb2L9hBbF4FJyhNbMeTpAxiBYFu_AoZAcqWh2jnzQ,Only Evelyn,0,29,19,False,False,True,False,6S_u-lW_FdSkasB-raKlxrVTq8SffZE2T0Uv_sQasuwIb9TL_NuI3Om4f0JSdQfylDT_AWSirUsOTA,tr1
MASTER,I,4JYXowQnz5CctBgAabyJjv5M24yduIsMKkxlgg_-WFwiMw,Not Mid,27,31,27,False,False,True,False,Gy0KpthlOqbP5bVlGdyPfYvvUcw_Z7-mqN910_-xJx8114_IPhgzyBkTsgQLUe6xXWFrYUYf1QMsfQ,tr1
MASTER,I,JHntAW7Jv0fKKt2_X7umhgsZph6wvXrgfkB0QU6RnTvbAQ,Dimdik,1,23,18,False,False,True,True,KAhzSo2lht3ZRPEk7tsv92c27J6n8CgXEuj4TCiGzPBSk7kXwQFTBKXVqiRC7VGngpRJaXO7n502Jg,tr1
MASTER,I,yFu1-cbbYyizYc91bkiJ25wOB7xXL-GT1Tr1elcHYIYYqQSFkRYpsinwBw,suçlarımdan biri,24,43,14,False,False,True,False,uS1ZV2qs427wFhC2sc0hBwAHZFy-FCIoAGl8wZUCJmhcR-pzjziCEBR1DM0TOt6nqJ_RUGjepfg7eQ,tr1
MASTER,I,N6G4j9CwrjKtMma8XqL7zaLeQETuHOFr-bXwgoKrbkhKEQPgjKhmoRtTng,Çilek1,73,26,15,False,False,True,True,TtHIWKQMy5LbFp2RHoqPTOC3MMhwISsHAeQZYAJWqBIJSrLl7FMXvwO0LG8GIg78dJ5-EHyIEqNFow,tr1
MASTER,I,9FeRCn4lQ8pd0XbSiBRKULHZs7Ge4Kz6jEbzQ3SofUCMpw,Lies of B,21,35,36,False,False,True,True,1feFCB-GYQkeR4Ak6PowRBn-tXaXMFR2d6oXvoiLq0uuCxEa6mds-o_xHuvk1bWNGePArew6vsntsQ,tr1
MASTER,I,2ALVbzBsx4Zp6L2X8EbR6Qj1pQDTwqaVeFLChPtXP1u2Iw,N A G J A K,22,26,19,False,False,True,False,jcuSqAtp96EaGzKcEBwn8PbO9Vv8VIUmCwd6uMFl3SR-KirzULu7e_QbIEzOgylNtmFmX2NF2oBokA,tr1
MASTER,I,6my7_8A74KrV2mUM7JztmBcIWo8tyvSHPnSqIo1gY8RRotX7wNPcF6a1Zw,bisquitex,151,30,19,False,False,True,True,zyQooyROofYu_TBibgR6Gk8IAdQSrXiVPv_22A0Feu6kGFUROhVgdXcNC_h5ZUA3P1GcqGob2O8vjA,tr1
MASTER,I,dUqSzzzAqnzUc5lepSluLs1gW6ImH8WynOS4gkKiGXaTqH0,farewell my son,116,40,25,False,False,True,True,c0iX3PSkV5b9TM1GX41SZ4GNLEV-dz3EHcgOMo_QtzmczcqPBOVSNLfsRU0A9kljp5y_44E7Or4aqQ,tr1
MASTER,I,oKXt6mqMGxUd2_TbiJfSipUYRzmvrWLCBjBc3iijKU37yg,JeanJames v1,125,31,21,False,False,True,False,Jh3qbYr4HLARZoIeH5txYagA41tOENQRHYuy3wP4DpIyEbMHBglIOnx62BH2K0i4TNkW6klX96TPpw,tr1
MASTER,I,fn8447fNXI8kiWsExfWBGXKfLiiEpYp3hBJzoZMwRLIkFNo,roninqw,62,34,30,False,False,True,False,9JTAcFjE0q6HwP9u0uGwXrtxz-5ucS9in5VjIkMCHlj3ATc05fQZvkVB2RvOAQ_9-La3Ywkw9zgofg,tr1
MASTER,I,8C9W80sYhUYg_efc-Aa6ExLEbFuBnK3T5AEbJxiG3lT0kFQ,Laude,1,42,39,False,False,True,True,2pYcLUkNEH1EF8yL5dCK1XETn83LBjFwyDAq7rtAO670RDaCwjgEAoLzk8QApXGXj9QIDE97bZliYg,tr1
MASTER,I,AUgAlwEBpEZGSAFbAgsCbSXXdZMPmS8AxDWTjmmXUr6wOQ,TMS Bjergsen,0,30,17,False,False,True,False,wh4cLWTSjmq61VxYsYwLVP1xiI_s3GMTKb2hS6GKCTMv0tgGi5EMgROOPGebE_CelW-ZBbG-42wOBA,tr1
MASTER,I,pyNY-CsqLwl_ME3OecJXt1qLNRT3uGaM0P64HtEj-rs2nD4,Toshiro Mifune,9,29,25,False,False,True,False,6qlmkRdw6n7lXJoADT_qHsTl3e6iWPH1SXzB5_p3IUJ4ENU5z2ncrvXqgzvyhRsBMi9NL1dDgNOcjA,tr1
MASTER,I,m6ZftUTZV3DQo2VfmOsQEC19Il_SMR-dvCc-wefYiIl5QQ0,ZAFER TÜRİZM,103,29,18,False,False,True,False,EloY1ZREpNe7BmKFM-Z24NItUqkhnnOoaItst0MMO95t1nhX0ZW1nh-37WMeBymrc8PsZD2ZIMW6oA,tr1
MASTER,I,vIMq14t_fPoItyoRwhU7FSatO79KrDLZwQ7-8rHm4zSfUaQ,AtreuSex CC,1,28,22,False,False,True,True,av0Rw4BiPRHQINqjtOZQ5pX9i0cijCa_IA67LRWKFC57Woegg33RxjIszFYqdHpdKxx_DpVgJo00ag,tr1
MASTER,I,zJ96vD84Fpk46ujC-8xKiZp8G0G8-EXl3bLd-lD6UKYAyYgb8lVXy1DYLg,YASHİRA,1,23,18,False,False,True,False,qLmTf4-mIJKUo6TPCRS4hdLR-iwSsDBBjAqKAhbHwYw2MvygNmDlk_O9PhPWUZ6AKNZAhxSZMA8lFA,tr1
MASTER,I,GE2AQ9l5_b3cdwRWYPQGzB9xqKL-4ZY6SHrCarMIDyDnqj3eoaV8QXDUyg,rosal1s,8,21,12,False,False,True,False,cTKSoEbqxS5FW2J3C49Xgtvm693zB7oteaH9Ga0OzWXUttg-o-PnkNo_Kp2t4si0EpmXELt_JNZqNA,tr1
MASTER,I,S_pXkjvDJm5UqfZqjghsEQCuVGySw_vXF1hZ_PbWTC0LwMA,Akûma Undomîel,93,39,27,False,False,True,False,dJTQj-DPk-FqYGx_NaQngK4fv0mQ8QnBEWUrRrPX8fSb294PHDnbn4iCWg0lq3Fu9iJBjJhAjNr4Sg,tr1
MASTER,I,f0BRBCVhAlN51BOK-bKsYS4m5lNA7JHeE2Uzq1vY9sO4hg,young zeitnot,49,30,18,False,False,True,False,pI318N1SI3NWR0bK6VR-8jrdXRJxrcLkB5JsqYiXF48QHWNk_yYP5UaKCW5G67W39wGQaq5KFoN7-g,tr1
MASTER,I,4S4_Vu8dg4igv-k79AEuVHVS_5Ut9xCISPSy_T1z8SElaQ,CriTaL54,19,20,13,False,False,True,False,1xFQTbzfSJXcsmEwXFo4lLYwBkS0CQ9QRaQsD-0EVdN1uuZwDV8OoF_-9ttfVjS3NH914BykE7xrLg,tr1
MASTER,I,H_L7SvGbqWA1Il66hwMIaYB7QExrPyl4-6RITVtGhQjhoVQ12YdQA44y7g,L9 Despair,115,41,34,False,False,False,False,aM9STYPxdiLTG2FJUT9h0YJDUxDXd9zKSqJ8kBVnUMSy23ol22IfsriHeyj15ImnRrZ_YUXgByze7g,tr1
MASTER,I,-T1ZV0P9kmOXi22vg1vGR3On9bMlM3CqXqbyFGOINvJcv34,Slowaptex,119,46,37,False,False,True,False,2Mvs3GnIG6rDzEGqfEpJl3I5HEnn8BQfA5IEGewo5kb2QQhrzh0Dq5wBarhvzyZLrSZc0x_js3uEVw,tr1
MASTER,I,G2GiakDaj0RbD2HP80ycKjYKIbvBNglFdGPTi3PEMkygMA,İTEMcİSTores,57,35,25,False,False,True,False,ehidanM0JvtWkZ-8YrVAuCEGG7KorO8ybLzE1BUZB41l2HbMtLQ6s6Jx0L_au74HiGAr9wOprhwAKA,tr1
MASTER,I,OYUCd7rKhwghr6eoguFTBnXViS212P50JMY9KAWvDVhDKQ,turunç nadir,89,50,50,False,False,True,False,AeJF1qO4Dwp15r9NVfYVVwc1WO5ANWDe1Ng1Hhu1Ko2x0e74044VRugBAqVD8-Gcxt4utm2igiOp0Q,tr1
MASTER,I,90zRK3jxONcRAjVNlamXteKc7xes4bvlsdljsWw6rYj34pw,Elysía,0,15,7,False,False,True,False,egjcGOw2wltx4_LQXsdL__7kNM-zmdd3K14xJHBXyPtILMbOizTufPUq3lR4ghZVv_JJx-Qr6HCsuA,tr1
MASTER,I,5DlHZ02ZPWWWnhDCYBr4G9lltUQn9h9FviaY-oSF4C6GYgM,Clesw,40,41,14,False,False,True,True,Art8OrxTWCEe2R7TUvB9O3zo2JWHJf1EfbN0lLVjCJSOCsnY0Fcfa81xhx_tgJm7HVh_u1tLkSrzRA,tr1
MASTER,I,Qnhs7WOF51AZW4-8i_H864_hGOW2XfKSLpQdp8B4CK1MMw,Razoah,0,35,33,False,False,True,False,usJdEiLvgCiPFt8UFIfWljn013giCIIaaGlLDL6H75Gd68qDdv1jXrQSDMO31Opt2nB-qfXVY5uiEA,tr1
MASTER,I,JpQ1gkg0fNaW5giYaq0I1cPyYzQq_C8XYDICx8XdxLkfWA,WNG Hionejjk,0,33,29,False,False,True,False,P9k3Zs5W4XRSkwUqTpxSyuuf_feizs--E1w0cHa0qNtK7fqnHZaUvDv8YLhlea_LRhn7-GAA8Uv8gw,tr1
MASTER,I,9_TqJ6XNaKXnZQGOLAIazJT5vYXhdtfNaBUC7YhbRPzgejo,Kohen Yossi,0,28,21,False,False,True,False,p_iCPdA8fPYIcIJ9akfOlNvIJjlpfrK3fdMlBQQ6ccNxVMv1KuY0FRFrxsdX4rvtp64UJBvWvyaXsA,tr1
MASTER,I,2A0mW4A3VTzSg32ldNtpVUUBbjqm7S6PnQYHnI-WDu72CXX015N24C4nVg,Itariarga,21,28,20,False,False,True,False,R3LeW4mZxfDYzBAkBXQerHumsOLn2tEMZgLpWMHGMO1fPe6X6YZOCrwe7yCC6VbeBXBxyf90fB66FQ,tr1
MASTER,I,W9cBtddceGS7GAoGX3Ynef2hz_KR7DkDLMcL3DMceHamjbs,Yunusjohn,73,26,14,False,False,True,False,O-zaL4u0nb0l4WShMVLwq1w-9QIjFsjWjSZVmPVLID96nd_j4SN0vzoNt5ecHQ76aiHoUhkacXzq_g,tr1
MASTER,I,VjDPOad-NCtGjRb7YzfeZ_YCZk8buQRzPpY0XQUujvX-ytk,Hidêyoshi,0,40,17,False,False,True,False,1bOTo29dh_gFwOdRZXb6t9-UgSBgtlPRUx6IAfVh6phcSubDlNox1cTQvsmuId7C_J_MXNRoG01kYA,tr1
MASTER,I,KjgSJg04MWjK8a-SVIajQGQaJ9CAL-JcP-aTLve6QRDlmm4,Dopa Ali,168,34,24,False,False,True,False,Ko0u1jZn2NZ-QvoYxML_Sg-v7TL7t_LOqZki9sAUFLsjRwtU4wIDTg3nqAq3I7UTLIui1yGsYi9Agg,tr1
MASTER,I,SuSlujQjDAoE0mw9b0orf29sBMOLL5cw53fQg1GicIkVWw,AniGod,32,48,38,False,False,True,False,arPX3-p4HnoyvFIlmZn1nDnlsN3llVB9FleNqlEnvSv_uQKHa6kLciGlFV1WCU-_8bB8VcNtmOcCTQ,tr1
MASTER,I,eftw4ZqSKgiLe-oDjIraPv-M8RGzbgxxv2wN-acsW1FzmA,Katre,56,24,15,False,False,True,False,6DRm3O2MCJSmtpELNOaaN275gQewws1GsW0Fdc_a4V52hkBDk3dLIgUpaiIK5ewQ9pxNo3jomvylAQ,tr1
MASTER,I,DpUWfMTR8ed9P0UxDrEFTRmTefZyZxSD30M7x4F2XpK0-jPJYWEo49amIw,hedef gözetmem,20,28,20,False,False,True,False,nt8_EDGWq11uYpcWojJZVu94Qdu-Vu6MrF_p-vQK3UuTRkRBsUIrTADrTbvoBz6zMlJs05S-Y18bSg,tr1
MASTER,I,HBBin3g0-flAVN-d3VdpGm8GxtH3VWgbqfXLcwqZY2dG,Charles XII,96,36,28,False,False,True,False,_QcNpHxIHKv3NtAJL9B1p7j3A8yb2BvtzDb6WOqz58-ZziG0CGEJjps5PmbJhzmnrJ2NAIQMfZcoDA,tr1
MASTER,I,7_-Rh1km-rU8cbfgPi7oUDs3wpUACzkuujUtbyl3fnr5Re8,Jostizahna,0,26,17,False,False,True,False,QlP_NfhHEniokR-IewE3z2rKOz5JkV41gkh2MpfvbQxAeLuWqV2RFplVvBnV5VnxJBO8ZbGtTBR48g,tr1
MASTER,I,hMwXDyC80vqhjEq2LoCdTf_4wIHmOKct5k0NRwlLPDM2hKOtoZ5XUaNykw,Dernoravis,43,38,23,False,False,True,False,w3nRxPcv9Xhz9G1hyHyrY0IIw8J3gkaBSmx-CiEAiD7-vYaSpjqXHK2dYys-Z9zEYxpv4KfOV452eg,tr1
MASTER,I,kEJXUgl7ilhxzMVdcAncl8zh8SzegHd_0Y6VFPkwfz6U,zoro,0,23,15,False,False,True,False,KJdtLshDXpSEO8pv-X707Miic7yMOjVcQTQvtHCMr-vasUUuiDGHYwlpHlk5ZI3TmvTFlBoPrHphGQ,tr1
MASTER,I,ANhQVOgNtYqkhskZvtE0La5_65c34Grb1nHwia_hIohhe_c,Khizo,50,22,7,False,False,True,False,faUAtXbBC74v5Rz9c_4OgmhH1JzjZEQj8N5iDB-wD1l2mH2Tf3MIYoGHkYv4-iSF3rw-_SzytG4YEw,tr1
MASTER,I,87k0_U1BWQ8juacxK7iJ7fMb4YNQ4vRfD-OpnIMOIQocY67ohGYC7WrOlg,0O0Il000,37,32,27,False,False,True,False,ESLQngo_EiqPPSGhX1p36HkSUEJAsWUmvw6N36makwWogG-4AhH2ozrabgB63MOz-rKFOA4c_03_Aw,tr1
MASTER,I,t0IB04yVT9usu0H_5FvNRiszLFqzo2atxiJ4-Gju-Fy1jA,Gôd Tier Feed,126,31,22,False,False,True,False,5uNAqhQUyt8dIUgvGcv2lSEIdkgbrhZif0IC9A58abGvFjxQs7KlyBefeBwqxQHr2HdPCLkzXwLtgw,tr1
MASTER,I,0-6q4C3DN-oRUalstc_7VdQgXFMAWJSJDktK2hVhPqsAHQ,Antenci,1,29,17,False,False,True,True,m9RyHW7UqDqw2SYI5mC3SrVCU15qlXGISqZdLsMzqCmUSCenMf5R3ckNyDYF-RyFg4IRBkXX7H0A3w,tr1
MASTER,I,eRfRx8kPdSaQPU4iaOJCEVDUhq6LIV0haTorjUlhcaFi9w,OMiT X,75,29,19,False,False,True,True,MA4X-US3lG5DaBBz6kMnPnT1eTlBE0oIgkla-llDjTSJSMtq31ZepF2XiZCAp_urvlHPsjdD_ImG4g,tr1
MASTER,I,a5yVq2g2UImBDvbhv73zgwv61eloK7B_iy4t27PjnlfkAg,Msxlabs99,83,43,35,False,False,True,False,rtQ5b-R4CcUycGtoXtydlZ2TponwuUQnbkBbluJ3jcwJQZPy1bZriOnIaVkUV-JsX37pZyJeH_8xGg,tr1
MASTER,I,v9RGlbScXc8SF_pybSQXiBzKNt-9KBaVBVSosuZAzoSyjl4,Recird,27,43,42,False,False,True,False,IzGD_jPwxeiGZWI251LakLr3yEzYPOqj2uw3m7bIzjs5doUZGOqgE9Z5f8ShGNrKdR6sVGd_-MKnZw,tr1
MASTER,I,nKNbfpZM81KFDzKeQW84oO_FqUfS5szVcey2olrdRFGEvojUFq8MkOsKIA,Su Perisi,1,20,11,False,False,True,True,A4gP1VVth_AoCBTZBajN1mOkikwGXpQmzb17uAqWGka8-02-60-GjLxHjxXhRLHwW3C7639YuoqS0g,tr1
MASTER,I,HfNrRqH6S3HixEO4vrpcLPNuYA90bfFZ3vWoSxOQ55cQbE4,Volkan DEMÎREL,103,23,9,False,False,True,True,UXRxiRZYbJi4MDUZ4Hpt0E8uMjqpGZHwx5eeqwW8pvv7432VUSyXHdeYkwHAdLOgz2COaIVR6ClbTg,tr1
MASTER,I,lOuikGwJ6gsN54fpLTkq4W2K8YT7QBCV68KpVtCxEAt-Xg,sakamecchi,21,27,25,False,False,True,False,ADJuRjh8LB3wTfnUpNcE1REwX8WlF2Pljq1ejYtwq0UeCVOEBHxRhrcSwm_jWvV44eq6axfdYPL9XQ,tr1
MASTER,I,kjWA9JoRZKDXYNCVZ-FVf6h2_4P5bu-EtwXiGH3BT4QeGQ,Ustaca,52,71,66,False,False,True,False,umOgEyBsTV4boc4luXOBmPYnts-JbayKDIN0U-Mcdo7ZgECeWKJZTNh6Vc81FpD73ps8YUboATbjnw,tr1
MASTER,I,P_7XSCAbBcabDSBiF-BF6Fnd8RD5obr0V-ahXNqBy-XQeJakovWIYXNCug,Aleyna,50,26,14,False,False,True,False,Mev70AlLWd0F4-HDoCBFyyue3BO7mZN0Wi6PbVNjqnZetp-AxqF0NvvC-HDwSthHak8XNJwmeaKGjQ,tr1
MASTER,I,BrT9vSU2yuCNUN89rSHGykgyoULgSXS1bezpQ9rqu5Xs4tXXpp4dHdr2Xw,ÖFG v2 fun acc,1,30,25,False,False,True,True,ejKMyq-KEsM6Oc1JlBdeeKfsmP9gHUjV_USgCTJoKMtCZ-k86ttgUnqpY3CrW2SBuphBjir2f1Hpew,tr1
MASTER,I,KLmQNXdz63B4XfdW82I3okUAHRdGyU3IPLCo479JlelKtpaCjYzO9cJ7bA,20fps1vs9,40,78,56,False,False,True,False,rq5328mO5-5Uvd54gA4-39IZ2oVOMt42kBfT2oRosFkD0yFwaCCaMMNwMvrQoshlUPgzbAbJSqZXzQ,tr1
MASTER,I,-uyX8LFMnJurKbuT1ZhHluNncpVOSBUG17dVzXrBvXDHMqNr9yQlzFkYSw,Comfortie,1,32,28,False,False,True,False,pF5wXiYfzP-eHulZIDdaMB9qchyjXPPuS585n4okokjKUXSeBp-XvI5WpD57xiO9YSEJnZLIL6ifgQ,tr1
MASTER,I,7HGD4GoNir3J-Uuq0hN5oUTnJYSEReRE9Z3sxmg9Ba5Tlw,Merida,20,27,19,False,False,True,False,TUN5mnCpMqe9yZMrf-oV3llyhK3c6rSPKPjmbWx_PBW06te3X7EKJkTuWIM0RmMVnTNwajS2q9rdHA,tr1
MASTER,I,Snaj5sqcvrpI_VeiU8Xl6WY2H4Ud5f8EonzpQv-mEmZvyVK5UJbWfUYfIg,,44,32,26,False,False,True,False,1gNXHzjMM2Kcp7hCvzmaRmL_vEl3lBYHOT-tum3_E8BzSm2vtQxLDex2ObdvkFrV6x7dszQN7DOEow,tr1
MASTER,I,-4jSQcq9pu1b-vzCxWkdzJXl4kp9xPPM51OIYvX9r49rf1M,zapozo TV,127,31,23,False,False,True,True,a-iSGbWuuOXvDGERxFpjNgxNsR4VN9VmgdfJtaCnS9hi1jjn8YD7etUphw0f4IgGnAx28TLz9RPrfw,tr1
MASTER,I,P45ozwNvjedYU3JmU2pliRSyrcR90SVyRfvGLzWXFKP5mA,puf pufum,3,21,12,False,False,True,False,raHm3ct_V96Qx1y4D0ENrXew5JHqUuTob4TSvaFfoXdbKmztwUM0GsF0NFL9Y46gJiQKtZwU5ebh9g,tr1
MASTER,I,MRCrUbXQ7OwJqoiNgQF-VX6q6_J8OhDCE8OjSoJsqwc1W9E,çınarbabakral,1,19,4,False,False,True,True,aNOGHuPEiMdr7AUDzuk_Aqi0enC6T2SAYwW96P1iQh9vjdzdXP7a48dm8GzKAWTGNwVoDIqo5Q2o3A,tr1
MASTER,I,6Rk1yZmyP625F6y5pEIDiE1f2eawTeAFZ2J2kymdJF1cCg,retired mechanic,10,47,29,False,False,True,False,mSRXttvVVnFpHn6nFmG2qR0RX3CTH7Atc-Hx1BxIFgDdI3Pk3DFJ7ul7z_pwcw9q7L84HtM83cIfOQ,tr1
MASTER,I,Kd3FTfdC7RFtQ0QZzx1mXQaPkzKA0wyiNuP732wjU5XDy6JFsZh2ZSxQcQ,Keenayl,0,53,25,False,False,True,False,NKMT7NXOc7hxF21zq_qEkN0a9RAUlVGMGMpos7JANhVF3t2awHnSH87gvox7cnwEPql7n2yJ7buvfw,tr1
MASTER,I,sdldWdQ3Hy3jPaylBoKVmyd5mXXsth0Y5GMvTp-BcYQOlA,MurderMuffin,21,34,26,False,False,True,False,eH52I5Xwvw7wGDViYGUHmsW3SK7MurDlsxzIygUT_1BZkK1_iJy3oF2uVfiGEOJI0TNJF9zU01xwhw,tr1
MASTER,I,Go2MX-73DGA2eDsvGWhv9EkZk3XDQ6pAkvpqUCrinp-Mubs,Hexed,151,31,12,False,False,True,False,tzlChaFgw1x_5epODHeT5fZCi8P_fhQwY0LE2sYLMDwEuCbvLybPZkouvx6UiO3lEygSKF_Jn2n5FA,tr1
MASTER,I,tnVToH47OWwi2pvX8EXU0Bg2srVrCDEmeMHCzFW4sI8Ua-4,Bankaissu,0,48,34,False,False,True,False,_-UaqRledzhL3OdV9kiKM6xxdkH3Tsizb78-RCROTLOhP9ZP-0qX7kvS2Eylb_2UjqYAiHSO7-q2sg,tr1
MASTER,I,ZyPIcW7T2j_HZVD1a3cBmCyV_VI7Cvu9ViRphoZVHGz30MkXR-nJuQ1G1g,Manavila,1,34,30,False,False,True,True,wOHfvURQmKDqJ0WxhCCC5n9770bFb013T1_2dp3jxRQtHYY-1-87Worf88oCoplAbLFnI80p3breCA,tr1
MASTER,I,QAiu2EXLHuoora5jVeLGRL9sO6EaM5AXSal-H8_qCQP2jQs,Winx Gece,22,29,23,False,False,True,False,BGF1WJQFKjLzUT8bYZxub9w_GF3026_v4pKA5RU7yr5a0Qp7EW4ZY5ldC4znGrcqDDtuDeP1vVO6tw,tr1
MASTER,I,QhokM22688lvPzIre3mY_M7TVKNw4syMHFD6O9tOZhM_Xo8ewLaUSD3FjQ,WochenxxSimorf,0,29,27,False,False,True,False,Md9AU2_vWc8XDptim7M_iNesqJvazz6gawbZvDKbSeeOCIZ84a-4HVqRWH_qYhd3JRil74EdbouLRg,tr1
MASTER,I,B81JnlqvlVrvPRZi3Wl5glxXpPfl0-r3KctO5TJYbVWwjhASv_JL0eebmA,ben lazarusum,1,45,15,False,False,True,True,UhNf0BTyE0ipIh53HmTFXYib9vW3NYMom5cEpS8pKbW2Ys7JEVM28P3NafbZWshVAMmzqx7X01adPQ,tr1
MASTER,I,Ci7pFKLfNi8R1Ht5aVehtkWkwrMdI-DTgPQbn6a-rAw5nP8,Denji Type,1,27,13,False,False,True,True,UKz9C7bB0SC2nlnrWoPXKblyfzHgfmYeIfNvhQ4Zm4gV6ifKR8eebQHtJed6aNV1Ivct2LNcY4Hm0Q,tr1
MASTER,I,nt95JCJgH4C-gdSlDDsnQBTVkIUyMNsU3JjFQQZiDpD7Afwi8SbwjzC-bQ,i miss her    º,1,17,7,False,False,True,True,WBKZWqi0o-KZSC8ycaGiV4P2i40scg8yBc17-cYKicDexhFcccxPoNxeKIEq4ep-VuPYbuNGiKw0vg,tr1
MASTER,I,mJMTPd-zCnp82GeKkvu1nxT4TBVPDX8ldSzllSB3wVnCzw,zeKERİA ÖZ,1,24,17,False,False,True,False,RcDm4sJKhc0nhFos9OLnp0Mteas5NdteJvL7cxtYcZBduL4014wBQtDB9b3MhASPq-tawRHFFz5r4g,tr1
MASTER,I,S0fPrhja7rkzo9p1-es1kSzUd_Sbdk4S7swN_y9IzR3-,woo walk,151,54,52,False,False,True,True,48ufJiHMqAI_tiOJtZTjzzUw1DEtYGWlxlOa6sS9GXX0haDLsVKfTokNrZwVpmVwVk0RNXtwxI12Xw,tr1
MASTER,I,hKC8mZcRlWLr8rcM1MchG4othpe0Obr8_O1lWA0XMdbfTA,Kingsword tr,163,63,28,False,False,True,False,P67ZzsIS0ai8J76HT3tnB5T1Oe3LGNiL9oo1NztGtQLPGrYBdYxZirHxArfnNsRDa29h8VLMDGNshA,tr1
MASTER,I,DNw_Oap1oS9tkcggUtFFpBbPs8pguNYJR_bjK5Ht-LdGzPc,KSÆNTE,21,34,19,False,False,True,False,VdC-JJdJwq8QtSCeWrwBGMaMIV8BEPlhKw_KSDIXKqQhr69fiB0gJhmhfSJoh_OD6fTtk0BhZMnGYA,tr1
MASTER,I,MMq_mY04-BPn-0zeu_xS6o7hvHunJs3hx1mXkLN-e3RJ9g,eggmen,0,20,14,False,False,True,False,BnELnhhfo9q6kiTFhEigo8DX8tMZTbSZr1GQYxNCB3Gwb0vK7tHxO8i0eJnyriT_pG4-g8GAARIaFQ,tr1
MASTER,I,QUmxJzVERKK_3Sa4cOqy0bS_Q6NatQKCUdintzd9kA8pmOGR90a0biZcgg,BEwTOOO,1,25,17,False,False,True,False,1lzDAVlP0qQ6MsnYqujfD9bduYWikILommd-L_1OPtpPIk-2Fx6TBLbRBUVJ5Owj_Xc9UTm3-HuEzQ,tr1
MASTER,I,PavYfhqd0d-8TFUfTMagPzbyJsE_ked6cciaE4ql0r0imCXoElKMNzbLHg,Lymos123,1,16,6,False,False,True,True,5Gs9X6uhCkohtDHs20VL3LdKAF6ZfvyrQLOQ2M8vxnQ-aHcMQlUpcRJcpe8MXT1hyj1FtIpqcIrkrA,tr1
MASTER,I,cZV1VeZbhCz_LEiMOZEJk13_OPMwxc_s1Qa2hnbchzsDcvN2QHemv0RqgQ,Chricesey,23,29,11,False,False,True,False,dPCQbH6rD4mQb-PjQDW3M33Fln3f9JWKNZlwXEaoER8Y9aS7JKN_8bD9U_fdLOMWfcncGCKpEvPjUQ,tr1
MASTER,I,zsCsM_H6m7lGkqJhAx3YfzK2L__Ebu-Mwe8GwF1Z98eI9Q,otef anya remö,19,29,24,False,False,True,False,o82-x4glDTh5InlNtXtmc_KrsJtiGWDJ4F2CtMvI1ibgvdoiRqExBocEjF-Lm_DL_oWYJUboEB9ZRg,tr1
MASTER,I,kdSs-BmNRk5whBpBem0S8a_2TKKxXFiX9cFoHF75_aZ0q1nTWrDSfzJf7g,KQWEKQKWXD,2,38,44,False,False,True,False,zEGBXd3FcO49huoKQwA1gKMrn6YfVj3RzXUR3DMb8ecOYTCxWJ2IP0TiTR2AHqH-Sc9mG_-5ddKMBg,tr1
MASTER,I,YIvCUnKwJ5zpnaiN5WfCWiuGkIkNGkdAt76LK_mwPriu0kMadIm84D1tRw,NXXX1,1,41,17,False,False,True,False,Vb0ss76kbOAZ65QfCSrJ1UKHpyZxu0XC_Hszn2-KjjK2kCTJ5CfCV_eh3h-7xE7T0M3jPi3M9YrhBg,tr1
MASTER,I,LCUNcy8Uzliz7x0kDfh6LWBbAnvQpFN-dcLgGWp57PVefLY,Lichuas,1,31,29,False,False,True,False,nXKclup-_uKoEek4w9CtR404B8kcYNcaa6eZLayeTeW9lyJl5YZfUQmA-XGRClxMOBmGmWLCWx_jCQ,tr1
MASTER,I,JVwrzt37pK46CSclXOo76k--xTRkP0Xj6eGXYY35VOB3dQ,QkPompaci,1,33,15,False,False,True,True,HCtUDTKU4nTJlka-IOrW9v2Zi1kreNbXZ58ptBvDaO_K_u0IQkju0ZUXJhyozBv-tkmZWfFF53q6KQ,tr1
MASTER,I,6VgZNrSKDWbGf6y_JHU1Zcy7ZiCeKk7Gjev1MsUzKz-Tm-A,c220,72,22,8,False,False,True,False,1T5MBz7m1apl0EtNvZXNS7RmcnLL0hQmEzAaBVp17rNtJtIEiPqINTo0ZiCKtdugVAJ86PigVrJkvQ,tr1
MASTER,I,3wyL7LVSF_nlG56lxbalffE8cKTy3a3BZp72uuKCGxdE,,1,36,33,False,False,True,False,3zhsxNcD5oj_29U2W1uiEGxax3eyG8g1QURUjBGgzgppgXX97qI3Wz6L_lRs2Boq260dpil_L2Kccw,tr1
MASTER,I,LfEyCPWWH2frEhJjJieN-ohezC7MWjhoJGna3vb7ji-OZ4UYdeMyDP-cUA,Ndeigr,13,27,10,False,False,True,False,v3_vBT5O5zyepeL8H5ItCXIZ_dEMy5Y2T_EY_uV-ifcL0b2tbQwFMf1mhVjq-ylTGqSmr6rxn5vryQ,tr1
MASTER,I,C5ip5hMYU0c8Vqj-w0zZ62LDBVw22neEpkFarfMxQj0j-UA,Earthsoard,78,45,42,False,False,True,False,il74jBT3P_rGn3Xu6HO9dkYzKxIAST0pj7VkDp9XTrI8elgEXTQyHGbzsIUE3HqUFoq1uh44wgSaxw,tr1
MASTER,I,4km23QF9_lDPt1Z97N4ikvCULzc4wnTi7oOhMRjvXlVqFa_hVkLe4nG9LA,Bersan fun acc,153,40,32,False,False,True,False,1iy2eCK76Uy0sxFAY77lCcVdaRaKYE9yJ0fxEo50SNaI0Gm4f3QaiO1MQdQrfxNZgQ_qaW8pGVT8TQ,tr1
MASTER,I,0NyO_p0cic6ZLeEWpuQJBwDzGdm5bR0m2LSl-NkPpiIAt7A,KatKat12,175,31,21,False,False,True,False,zNMiwnnvaCRrldQ3zc1ioD5zOcWKjxHavLnuXuhaRvZoeXM9clM4xGn4rWKREiah_3LRQag2s9oHXA,tr1
MASTER,I,826qwj5z2jgUrby5rq0A9ypJ4e8gdIU3GctBt4x9ufG9G4I,KingRaptor33,172,37,25,False,False,True,True,C8V-QqljNIBIoD6mpRBhv8djeJIY2_4TF3AdV8PBT1_eVAVdozAx88L8RvXWcMnHjWlnvhevcokiag,tr1
MASTER,I,U48Jm0hGIedE7rPHrrOvtUKawTFLL6luJgR_Pe9XB0QPoT87fbfOMuq-6g,ouchies,0,21,20,False,False,False,False,mfQpPCHbmNrnmO87JN56A3Pc78ON18gDZHi9E9v_Ef_oleXzCRHrxAqxL2Fy1ytgP6p74yVeO6kAnA,tr1
MASTER,I,5dJPzNI5EvHom9bc7qaFZr7rOo6b2e-NGmREM4z9ZGH8Ow,facta,20,33,27,False,False,True,False,6bxiSn6NJPQl2su9aydgwdtEgjIvTHOYNi3ayCsJiZezn7yS_fbYfAx7NMsful_aYiB7BosZXS4PMw,tr1
MASTER,I,QQvUeYjr2lZZlQoGaWzvAKNvHF9FisqYkBAp5-hdtr6g098,Luxtly,1,28,23,False,False,True,False,f4WFQs3TOQZXv3gSWIHXmDDi-aLncnkJt9hzRcb-XZ1NxtA2WiDkJGeDH-5kotIL2_RfKN43s9XGuw,tr1
MASTER,I,Kw6GMT2nOzpaonFQ-hcAxBBHS42V2fvt6a9jU-Omr3K10_Q,ALL TIME DRIP,140,49,33,False,False,True,False,eXTPWxNSDb4rM3U4CUOIBBo3CksxwkVtSCm6Y588rBlZYMIParHQGLhVAKz2UILH2kbUFiUhcRB58A,tr1
MASTER,I,OqGPzI2KBR5TWAN2eRuxQ3lpYpOxRqpnoahxL0AWAvv6Wio,MahoBoosT,85,44,35,False,False,True,False,a4NhqiYpAHOx3ba40TBxLofX5HMmYX3Q_0w8UlLxRmrZrlGquntkyOZJ4rzoiH6nPQW8w9Pl84m5Dg,tr1
MASTER,I,xQTyLydDGhWHx1lX17w_-TjE2zoiXCqJ2em9RvS5kDH0Dtc,AliShoww,0,58,42,False,False,True,False,H6cCCxPgGPDittqbIlAv-SmiEEkQjjETLWYb7OKPZpw8wz-Q6gXXRuWcQFe287g4EENW9XEufG4lqQ,tr1
MASTER,I,TrjjsbyUworpIwcGQM4iDRWQJEdK8Zkspc4sdlpmC9uzlg,FLEXIN FLASHIN,61,47,29,False,False,True,True,A_dhJPYde1-91rhuMQZLZcgTqRHEgapXXMzqNzaFm8_6goi7s9cO9_8ftOYid_uA-Y03rcjx3Tm6tQ,tr1
MASTER,I,BY5NP0XMT-ia3B4M6ySYGKzw-qVpbGa6e9pNKfUhsl83og,Diass,24,27,23,False,False,True,True,RxmTmq2kS9CAQNXVbDjKYWL4BIDMwJQMym3B-6RRXGheyTwgeNyK4jDl36dIt-qX5w8g7gjIaEYMhg,tr1
MASTER,I,iklDyDIns2e8zBlng-ISGvXrZwrkeIG0klU3YPDBlopg52E,mephisto15988,1,47,51,False,False,True,True,MMBrZ8RSlgeQO4ElrZAq2Rkp0qjchUdBJKfbJWIItawRr7THzOhPTwpxecx7SYowDK5jxlzcUFU-sA,tr1
MASTER,I,ZtBRKqCAer4IY5xTnwDZRudh2YOtDQ4x9B8Jrf_Y_QPtrNLG4WO9ie7Ovg,twitch123,11,17,7,False,False,True,False,Pz52sT88KVzt1OJYm7AG1bYwbEvGA_HBmFiWXts0oMHT03DFBaFbLccKhkZogrKWQb2my5Nz43pChA,tr1
MASTER,I,dEoKhUeL9PdYMCb2o0GsuhqoccvYjM2IzBdv7qKYJOAbtQo,SonGözcü123,38,47,48,False,False,True,False,nwUOPhFSwe8ZyHj2xGxbzXJiXYpklgMeiOyZEjMiQqogwXF4bCZyeo57Sg1e2qO2ZZLQtvlSxHBfSA,tr1
MASTER,I,BRTM1164690_nAARW9ELyY_KRQHZ2x2ArDhUaS7uG8XarmdFvdF4H06s9g,øldün çık,59,52,18,False,False,True,False,BP83bSzcgUkF-x6VWWtpDxHs-NpFA2CT5-DRDmeCpXn02cQw5xkX5S0H__qSBfITDp4cKOUIU9lIKg,tr1
MASTER,I,kPYN8oyzSAPUB06XipkOj3HlsrG7XULQIpU1fTvEuj5PK95gOr5Ci57oyg,bee goes bzzzz,154,34,22,False,False,False,False,VBM52lO8UXxjdwdePv_JmwIXZH9P3znV_zrt8jdNhXljZRkx1YxE7rdeYgkbnejMqhmUoLnYDpE5wg,tr1
MASTER,I,kWbLBKPfw3WkpkTHwwWhGwfvgKnh5-1Uw3VwtOYM9yAJ9w,GGKushxd,0,28,21,False,False,True,False,8OlIywc0A6jX3SwAF2hBXo6DCrnlEVZ5IvG3y6POivnlGFTN001Bpigm3WX7VFT3gm_MZsNvv4uLwg,tr1
MASTER,I,rCuOYTjWU6cD91VKePlVRFQ5xyEVvAPo13KbYmjsu-SQMR8,Sword of Icathia,1,27,21,False,False,True,True,JPgd6GIynFilIOlOzST0CnAYRAvcMEIUnUFPjAYqsQvD8cvmbD5bpNheKLgNdr3zUmukSDdh2JuA3Q,tr1
MASTER,I,BIjVUHYJGCGN9DtrngurmgOO_1FM2b98a31m42ow4-W1fwrFZsfq9KgCNg,Sora,11,21,15,False,False,True,False,n079W-fgxa7gaI1Bz6FZuWGDKwjU9L-iRSJyWR4-LMkxVap_ih1CGR05uLLcMXHxAuVX34P_nvDUIA,tr1
MASTER,I,AGMSs-NfTKiRVMenDGOUHsY3BWF2a_vVUQt2D4h6MbUErg,XiaoHuaSheng,162,33,24,False,False,True,False,rZj05WlCgapexCLlTjcFMt4zQbDf5ev-GFYepu9lBrPN2ZKllhBDnB7kGxsFm87cjKpHQjdQAVDRDA,tr1
MASTER,I,dbPuT1tiOvJr7BR4WzeKmFvUvM_V1Zj_gOgsgFGWFkDuZ20,bloodynight3,1,19,6,False,False,False,False,gmDchQFOGIYkVibfueWJDstdGSyqYsMA6F5mzK7QU5u6nl_51wQjHPZ3CPTO7AqIBsnED-wBj9tq9A,tr1
MASTER,I,Nz2zyhXUfNw0lBYiTeihgOeLq8_8tjCfJa4Wwq1Hgao-0NU,FTL,41,31,23,False,False,True,False,MxR7Pznu6tVpr-78Tmz73_fAo6VTmVpNtFJZGfsDPSPMqGTozMksmW7llsAHUlqkxydnLTwRpI2pjA,tr1
MASTER,I,YYycF9aQZOvmHKemsu3vDjG2AoGaHdGVM0ktZnDecOU2qzzRWa2rAnPr9A,kcfwqj4utispa,14,28,20,False,False,True,False,FlrJIRc8NyVTn6prwQsCGbAb23OTAUsFwaV2-Q4kKCNR74RRVAwb0ys9ricQL2kL6ZfinJQ-DPUm5w,tr1
MASTER,I,e6tzIM6bj2PsEtMZHvZ3FabSCOY7Ahe-7L3wIXDnjwGKnYHn5pGt4wYW0A,TRAG3DY,1,18,7,False,False,True,True,GpspLBR70g3bkrKH1bXJr3PULuMa8jR2NWUZSYkHd9_dqRI6BZw_q_CruYQVlLkwm-5Ha5v8WUR8zA,tr1
MASTER,I,UjhH5DOvqYlr5tVtOhjA3_S8JF5qHswZwxXUQ71e16Wc-w,granqa,1,25,19,False,False,True,False,RJPe-gWBEK8HpXpAkwyylkRgJsV3I9ktkPf2QwO8YhrWAqCozVcSMuCFRCJ8PsHyp8psKRuO5x5vEQ,tr1
MASTER,I,OPHmpsYdwy34vUmgGt3atqlI4LtyEnkJn3gUf4rFWoPpecE,Nezih,19,30,26,False,False,False,False,nHdVc4mTBPK6TpExrOAftW0tUCU9rfbRiNo7ipwCO9_PFzH_-PdsbDy1Es9lrWZI1RWrfO-IfOizWA,tr1
MASTER,I,sN7GHi0ipn77FbfzHj2i3WqhbHoEflDdwgTdJ5vny0LfmOs,Elif Or Feed,23,22,13,False,False,True,False,rNBuxXg1-WRsqzbeDXzisy5qmrL63mDUwS9-t-ZW-YpVraZFGjcQCLOUXtczHzs7hJ4wKemWzTlZhA,tr1
MASTER,I,Mqf_AL6zcmRcmLeZEDYBFUYsMwIZzN7FImXj3Eq93ijf2hs,Kemosahbe,0,19,16,False,False,True,False,VCGikEZm1ebhrqgDj7nzBrTjh9oSGFitn4YLKpNmTN6oPOfXGiF73bNGnXuolV-99IQ6knccpkyO1A,tr1
MASTER,I,rmPsYjdH-AWMYhSdFIhZIIl_iDsBSk976fpJZ1-oWYN_Mn7OQ_GDOJZM-A,gizli acc,0,46,55,False,False,True,False,3P2BSlTXClpZcRcf48_nRI8sOHBst0tkSfBT7K_xa3tm5pyzwPGJSfrfc2aeaG7gY32YJDfm353nfQ,tr1
MASTER,I,c2XLOdRCru5Kf2SVdUT9cALrZIQidhplmDvAawCqpgr4BQc,mad world,1,42,43,False,False,True,True,H2L4TN-reFBcnAGdI7mN2gC2Pish_Kj4I3m_gPJB-tABxSoOOLOTZv7eZBlNjvmLfKekDL0yBpypHA,tr1
MASTER,I,pfbtgGt2zmq_6fbDobu4jMJcc8OEo8h39NaoezsL4JnmcUS_nPXEZMpGyg,Varanelat,0,21,14,False,False,True,False,MDlsEof9r-qTUtyjTD0btnetUVGWp6OpLGg9MaOfTlDTn2X4rgUOvMGflJ5i1HGHcD3bOlwwMvfDOA,tr1
MASTER,I,Pltjl55d8b6kO7AQXg3UBM5_uoNLswQfYQe58iFdqo1iww,cemxyz,0,22,16,False,False,True,False,liSAr6ENTbzoO-1_l90VcOzRLwGvru81Vt619sXaJvmsJ3YeTcmJY8dFMNG-e2W6-c0q2hJfZyWymQ,tr1
MASTER,I,_bZJJSsjhd3xqRpL71oSLHU9QT3SRzR7C8I62pjKBwlSaQ,ImPrepective,45,22,9,False,False,True,False,jgWtm-4Mz4CQoSgQOfn3QzOEe7YqaR_3Y6hx2nPeQWLQkE0UoJGNciZehBflwnKvAZCBF8b-Uz9Bvw,tr1
MASTER,I,kRUo3C7-T8TvcpQOl-OGEI1_7uV2IS3_O9mCcEKlmnTR6YI,Unlovesad,98,30,14,False,False,True,False,AjJgHWnWznkcsIC4f874gP-ru-F_iTDR8BdVYsK5U94JZTCmJAevkq7XubTReLRHMs0m_ohG4AnJxQ,tr1
MASTER,I,KNro_9zhdrWJTmeanBpbwzplFb05tv3dVLwBCVLzs115nSUIak6L_jAIjA,bulanıcaz kana,147,34,23,False,False,True,False,g34fem6K0CYaueMANIif3AAzFuC5vIfqB-WtxsHX556WfjK6KuAI2k9ZvXn-K1_JBdKu5UgVLfO-Mg,tr1
MASTER,I,M9vEZRJR1kPYoc0-GPCC40iqvkjDJvsWI56RGtcrkN0RMg,Sıkılnca fidliom,4,31,23,False,False,True,False,G2Q72BfwoMnVVtT-ShE9NVRXiAQnY-8agLj34NiUoBtz_6ID6Jwd-SEeOPIb1dBq8kZXC2j0xhiKLQ,tr1
MASTER,I,xXayANsfzpsGtRKRyZ62iL3Av2RZmvzomO_BVv5_TVwP2Om6Pzbt_qsShA,Flamer V3,83,23,12,False,False,True,False,juJNjloSca75MNTFByw6wYMSHmU3xR5sBahQ6dep71c65GowXsSUFD72n9_2yp-LbsKbXqDAGxu9qA,tr1
MASTER,I,h-sY_0bbB-bWkefwU7-YoJsKkOHG0ND9IcUvrYJ67Bu-jQ,Noah Preccy,1,22,14,False,False,True,True,NRWzyv0NuY83UH1WwtnaP_fUppXsf-EbVhZyGgklxsrC2f2rqiHnNNolc5O92LSWJivC2KqblsLBSA,tr1
MASTER,I,KWUwMciahjSvA9lBFqF9Pyx3Pv_SWDkjPJn6oClPjYWbQV8,Wind Blade Yasuo,67,38,14,False,False,True,False,oFKaoaNaaQyW7KkQ7igmXXwGAQl6sHvCW_osAK7kjsczhCT7azZnvUH8n8a4A5fB-XNnu9JHSDlwRw,tr1
MASTER,I,7z39r53Joj2WAde-eBAaUKxHE8i4CMWJ-anxnQnVIVOW5kc,Frozite,1,31,13,False,False,True,True,QL8zYMjxRfIjsFA5eJ5ZAGrb5IXMXLrD7EddqsmF4NiS6fMMoS1d-OpzfACJ3dhQk2mu44vTH7TDTA,tr1
MASTER,I,9OnLb7huvbZNmO_2GR63QOTaVkn3WKRSMq0vhABjRwYgYA,DeathMonk,37,35,32,False,False,True,False,YA83y9fLBpQV7qQn0FNKooLfk8hVCK_EBgGoHLWwl7PLmmu_ogLn499h_6uMQNNTC-FvQUwxSux0Hg,tr1
MASTER,I,fh1w8_LtKaj9FywYP9s-ny_oOM2ODHDftsxszYJ4icwJTaQ,KarPoy,19,25,15,False,False,True,False,Mv08271e88srjrAnTLXZ3L_T4u6JD-ofbmbdxwOS1F4QWFhRIOlOEKTtUvKsgNzpwKqmPcZSeqB3WQ,tr1
MASTER,I,ODrZ7wb-h-xvP9gt3Ca99UjEQn_UgtWExuu43V77dRpG67w,BestrafeMich,0,25,22,False,False,True,False,_fZaddq0FaF7ogNMwABs0M9u-bJYUvPN1J2fmF7Z1fZseqb5bcHEgCBidHLVqqKvpMMZa4VcwDVIOw,tr1
MASTER,I,xCKOXjfRNGWVL4CSWHRXQ0addlJvrbe0U3BrUUNsg81ltQ,Sezem,125,58,51,False,False,True,False,aSzQcrQ458SRinnhFGUqP-nGW8gOGdMxSzlhaouqE3P3EFtdjo56UACr5yUfDhUZWP4DTF4y8GrZGg,tr1
MASTER,I,5qT2yNIRlC-8uizH8cuv61_YXBKJeLBjDi8mff3TErdIU5wO_dG3De5KBg,,20,35,35,False,False,True,False,GKaLd97ANlArgFBP1YbxXZ6vqN2KTuSSrbUuQMYkkP8eqD1IIIHRObM0LYEQVxibiD4Z246bHtkXJw,tr1
MASTER,I,215VbLJbv7LiKA0ETiivBOxXx_qGwICoWkwhP9ztSOovo9I,musclar005,18,22,13,False,False,True,False,rp-BeAMDgmxb3WsY5NIj_xzYmNbKRdykANjbeNWbVW6FF_ZgViULSEOwrTv4P0nj5JhwPT9Mt3U49Q,tr1
MASTER,I,s70PGqugJ56NWKoTA0MCKsrlmJf5Oe6PLxM2O3zvezvcO4zL_qrQqLydyA,no style,27,26,17,False,False,True,False,QwQGpuwpBMFr_hW4KWduPcBGKuIIusW_nzah48nf-v2BDrRnoXTfqlC5bAusoFJkkVoWdT2WVJx8-w,tr1
MASTER,I,6HavSIJrUkASqNEe5joldi03VtoaomushushhgszIw_KGQ,ChristopherJudge,36,31,24,False,False,True,False,dXvd26zX0zfS48s8sKOLKw_Bd3yXfIkddoIerS5eY6r8AL_JFOGQ1dC-H34GfIh58MfSdp9QeUCrNg,tr1
MASTER,I,MSCDlQnH1GXWmUa54GNgoQOUf0UUr9lTnn7NKq9tZcIWL5Q,dying next to me,1,28,27,False,False,True,False,_boDjiqOalGtdJML_U-SueQwhfpHV0SkqMuDDQc84cUR4l35gazR63xWf4Vc3eQk28xtDdMfZslU5g,tr1
MASTER,I,LvtSjuAdIN32PxTqjDQFsstg3_ZWr7Dj7GCTHCMs2ma39DIDxrwOH2NKKw,Corpse Husband,0,48,41,False,False,True,False,slizlS5rwXLCHC8BcGxTW-Kfbrw0z8VoLZTDgjAg-mtymLR3nhlioQWSgUo7T6N7pgauC52cE1X4fQ,tr1
MASTER,I,eMxrXeHalLBQyJUTpnvZ5Qj-gsh_wGGftfKfh8blM4JUioc,tempo changed,1,21,10,False,False,True,True,GOX6zLQaP29s110CFjn-B-6Ep2ze7VzEQ2jR1HW5M8_e9u9hIROQ418MeYx8QisJVJPWPq9QuMQkWA,tr1
MASTER,I,J_ySME7tIDdSlLoHr5X15oqANaEyPTS3j_YXVw6qa9Mlgdk,Ataol,60,31,19,False,False,True,False,TfMiWUQds6hMoGQRJJotD8plvMZMi7fTefk2ZG9AA0RFbqEbjGrXIvexjMddjozVZfMdc8k2IouENQ,tr1
MASTER,I,SgRSCZ2B_1IybkIbBqXDis6xED4TGhCkbKc5dhWpH-OsMuI,Rasrea,21,22,10,False,False,True,False,5RLloz2nBFdUD78ro5AoJWEgtBTOohxKRgVOnuD_aJLeSnOLan-b07o31UOk6g_JkSKyCYxt9H_N9A,tr1
MASTER,I,WIQGoF7oYW_QR5RroJaFmTpsTe5PS7WWQJffkf2Hph8HaIs,AZMAN İBO,114,25,10,False,False,True,False,4EsDqmmSi-KuY_OatunPOfikmY5ad2zw6sHmSZ_kwuUoav_Gd8FJ57p_GUZVMkLei8f7IGcc4VGj6A,tr1
MASTER,I,cx9K7liwqPslSDCr74CQ-iMQmTxwLQsMt3dod8wqVVQY5g,Nexın,0,34,30,False,False,True,False,kCUmwp2HGoFxmtsHLiWY67aiyp8gas8vjn_KWcYPuygs8JfXOCXIxFmagP8VitNqTI24-noUGB792g,tr1
MASTER,I,Bah4KmuU7eFSb0Gtkzt3R3OzvZ6Hk7ev4K_n0Sf699HvHy5qD1mt7uq-TA,uyuyagaldim cat,41,39,35,False,False,True,False,wVqEmUnBOR9Hmct9z25TqtF7A4ozXaRMJ1ck9rlnOnR15EsLWhZTDkrDumFH9BeAjxOV9zG-5sO7MA,tr1
MASTER,I,UN6fZ_enG1RAk9HlOkbmYOOgLA79ULSMBIdZdWTCJKxVS-k,Kod Adı Kâtarinâ,0,32,28,False,False,True,False,OJnxfK0wOM6phCfk7FqK41FnpInfja0uj0dw9iyJMhxJNW9aGit_9EjHJfhVcw1pPtVOtbR8gSNe9g,tr1
MASTER,I,JARTfKacj07hjeaCPLV-9-__22HIN8XdaNlwA-W-CjICIZg2rEVqkODPWA,,0,25,16,False,False,True,False,NiWYX7g8Lh7BdgUWF77NQjjIEHN5UUGxc0M9pRHh-tlP41bAMJMEH5pUMqM0ypIgwmFJ6JjEKnUgHQ,tr1
MASTER,I,UNCX0Ul89KnSJglLU5LPs621eIjYOqkWFGhkj2gd9utwhQ,YAŞLIKURT1992,28,47,43,False,False,True,False,DG2T_nLvRv0WmVWxysP4mIZ6NcdxzTFSEkGTy6P_H32FB505HOtxZJACFqtyR1nVruzBkHcUasM8QA,tr1
MASTER,I,_KtBOtQjuqpEG72pDRrkwE-JZjf4_wZUhYpClC0yIOmWcss,Printsdrugs,2,29,20,False,False,True,False,kbmOtQhSgjEwPP-h4RUvkeZXyHc9fyKaTz_4STdbb9lOkLrAZFFV9TjyneIbzEugtUzhQkMIZ_h2pw,tr1
MASTER,I,QZK9mWOT98zuO3JhYNZjNw6L7jajj7sijbXrsNLrMjRg-w,Sinirlendim,42,29,18,False,False,True,True,cqc3yA6YCPsbEexmZeeAVKX0HN5ssBpzx2O1NzeAJHJV3FTOe6eINvCsjhMkLxqK8jwqurkyrtsKDg,tr1
MASTER,I,peB389hxYV2kR9-s8k8ZYAMfOsFlsOwcHTa80MtPsYsTPOA,DarkinBlade0,23,48,47,False,False,True,False,23Y-1x2E8Roz8OvIQcwrAn_s94IsYNqIG0r0OfNkhVjl4z_ZOR16vCVLkiEOw8od6bqZoG6-L7Fz8w,tr1
MASTER,I,AO-JeVHiPkFsVCO_AchSQ1TT8v7byrzFdIQLVEwO4UAMYHA,Furkanikun,20,46,29,False,False,True,False,xiB1YAjDP6eJd8Svll6iTKkdwMkDXTEkQbHJ2pVt2Sl7QqFSuyK9VIUL8744RIEhaaXdR4955QcMew,tr1
MASTER,I,X2J1xBB4Vxr48Slg_KBW7yPV23LVAujsTMQK3cPHy3p8msU,Sonkomanci,15,47,54,False,False,True,False,gD2_YlDSWeyx2C1RTiL1xCtudwH7m5-zlYmOd4ZKJ_Ft3XUw9G3IbLJQHa3H95G7UrEE2MiosKUjHQ,tr1
MASTER,I,jRJiZ4c3T_oZ6GCKTCP7LgJsxtypteWVWuCQGmeAdho3lQ,batur,0,37,35,False,False,False,False,FMAqRpJS2368XatMb88nUghkbs6fqJ6ygxqDhuyrMqF3axiM9doSG-fSn4ZLd_Ryv42jsioZQJ9WCQ,tr1
MASTER,I,ZLRG9XxFBd7wwvZ9z4tCHBfvP9LxFBplLYZXVnvJ5Aosjg,SABLG,42,30,24,False,False,True,False,pMrrsGrfKHlruQhMg04DAEkZwPm2NfC5KfC1XIFoBzJ8KMj2t-MJl1yYIHay2W5LzyeY-xI-1JuUTA,tr1
MASTER,I,iTrvmBNmn2bKUVCHBfbPCnWtixdXPpTFyXRVM5DIReuSxw,aşk adam kahro,196,48,33,False,False,True,False,VGL-QYujfGtX8fmqIKlln3WFU85K5go8wNu0trTgdCpkpWNp23b31f7cxyyi_d7SscznjnuHkosnag,tr1
MASTER,I,DTYEOybJ5A9ITUty0EV1fB7Z_uMqlbn19BHGs7dGo55i9so,Léthal Carry,3,27,20,False,False,True,False,DfyG-9c4Zt-9su2f41dsf8MGgAXeOzg1P7aAz-vt1wTfQf4Ot_P4pgNagRUYIQN6W-y9ihHVXkPLag,tr1
MASTER,I,FRI-tQPDdwzp-sHxWMXD51ItZHhF8y-lmEShGKHVYkBwA0E,Diluc,136,31,21,False,False,True,True,jDU2R-2YLHrIahoYdgr6uFFG-Osm3arW1mSdEhyXQr9aYcgZ_Dptvh5xs7fH9RMaVQVhwRkDMOebDQ,tr1
MASTER,I,1fkgMCjh-a6H3HXLNgT_EpGX9OZ5KgBUJybBBc21n4YFrO8,arven 1v9,1,18,9,False,False,True,True,SaEHuZiwev4fr2cFrPN96pkeXHBsZYoVYiCi5I2M7XPc7Ye_UAzHKwLYr0rcZaphEoE1q8cEcAUIXw,tr1
MASTER,I,Y7XgJW2JhxV2WKvn7fBnnZv6oLKobVAKeIlDc06_n2cK8APwfoFKFDi2cA,İki Yedi,70,32,16,False,False,True,False,d1-aGSq_CThQK1IzEbIWS_7i_JAREiUHp0zGhk4iZLJ6JRkSNrkS41NlYso79cqMIvWWRh-eFX9OiA,tr1
MASTER,I,Pgzk2utquAOCG7b6sKF0DoIcRuLmyycyBSczBCqAMGO1B5X74OOub1Up-A,Tonrionya,30,18,9,False,False,True,True,qvJT7BHtkRnYL2jpjGOXsVuzk5fIhjg4ZuMjx5SY7LYaXpHSc9ZSrVhPUhJr5B3R5a12sZ3BGWCC-Q,tr1
MASTER,I,rQozx8fzE4QGRbg5vlYFqwMt1t_bDbCgkXtZbGC9IptsmSpDm3yPNNrgJw,nbayoungboyfan,0,23,20,False,False,True,False,cDID9OOHlNQFc9_aNmnI5gM-a_vXPvbGagtTotgwwq8nTOi6GqbpZczQMdk31hHI2lVfESMc6mNpMQ,tr1
MASTER,I,bD4iwSpuGfzXmkzx1x85uW4A-GeKF3U1bcQge-Lq2ma5GE_4mwhvm_hUIA,Tenasel,0,22,12,False,False,True,False,KRklL5zqyLxqPozYnYvoLSUXT2vqM8YnJrt-A-pR0SN-bFsTAPOPSIIj05aRN-3LEiVgfdvACfusqQ,tr1
MASTER,I,4XUGPy88wrzpoRWTV2K2mvwtORs9x7DFGKTOWpnMbRON2InWOJxNZrSvhg,Renzabduk,165,77,45,False,False,True,False,reUtcDh3SDBYoyAAgtW5KxHcObIpB1hhlD4w-LU085lsY2_rKe0BJPzlEIAk9HVVF8R3eGJH87oXvA,tr1
MASTER,I,FH56Av8LNxqoN5NOZKm0EO0HTTShXWIC2DtMpZLdT8mzl6k,Vilor,0,19,11,False,False,True,False,tqqCZMZVclI2P4XK6j7n7biYVAfHhZnDhZcvfJ8q8lANZ9ohStFVh9dllhgF-aimnxZnSApJaYD3Ng,tr1
MASTER,I,l1gmMtD4PtqGj1VoMU-UDd9EQnBYokodwBcRK5JrvQQlgg,MrHamster,20,26,27,False,False,True,False,5vFrB8r5r3Aol5FY5yqcWYNz0hL_s7nyCZYQT9FziyO-V5QEzMN60UGTeI3LTbDC5sqLGbekb4o7EA,tr1
MASTER,I,OkfR1RIB8xBEhNqOhh-tJ9kI7kjNrNBH1VzYbBt7rTwjrGYduK6iJSfCug,Barwoon,57,31,22,False,False,True,False,SQk84l6APX6ZD6ojn_NjOMdIOeTjE6ONqSdKGfVYChfOMlMQ6SdIiBQLeMwDh_pyMW4q-mwkRWRTUw,tr1
MASTER,I,C5D7cpqjEk73vCuvbW4g2X33hFkCWW_HihAlxk2i06mMrFm935NGk9-Cew,Leciannet,19,44,35,False,False,True,False,NaK6JXE8SRQHajUqIUKd-XdN9mLRSYFBMY7n1NxJlBRa-CPOkjw_H4ywmmsn_p8RpgwongXfNXvONw,tr1
MASTER,I,1X4k2T6ZUFu7KWsz70QZEiJCofI8Yne9e9Scpdcq14qcmA,pentpro,1,24,22,False,False,True,False,EhMW8xtCmZyoL8_wHoL21AM-v_zm9pGTYjLvhjvobuWsQbOIwsZKUVlgectZbs1RRNVWug3ymFSwfQ,tr1
MASTER,I,gMO3ziquimZ2rjN8yHq6agNSr5DSy-bWnx3mV2I3-XEwl1w,Ganubi,85,34,27,False,False,True,True,n4Log8qSC7xGBQfh1fgLnNhLbTIo24kWHfi-iBLSoqAVRBqi45B4IpI0-xpeUfkXGNCJl3igVz5G6Q,tr1
MASTER,I,bryZgx7h1uVN-QgfUuHYhlnxpuZ9PKp86v15wlTrwChgoA,spidermanyo,1,29,29,False,False,True,True,BS_ZEpG97AoFcxDPVz-ZR-QAVZ5USolhupE0PlktpixQmJ5F5aC6EYEL5wLZE4XiJLrEBqHMzQF12A,tr1
MASTER,I,PEmj6L9SDc1e0bgKb6oxyI_xLMmcFvM80eeBc0vs3Ph_PcRFcVSQbN5Xjw,D X,19,28,20,False,False,True,False,5kVr15PCLPTSCuFkWiexZ8_Pl4-BnLPU25GrSZLXcqBU1dqYPup-GAUvvJUlA7pNPpV4eOhewrDNEg,tr1
MASTER,I,L81CFSWEvHFFLCA3VL-P8Hte5Jk180ySxq-3zqWrpvH_CWg,1212,1,18,7,False,False,True,True,5txcXwdlzV8Bcsi1ZVECYsKSG7hilji1ZNcfDXYjLBGgrSKcbYVfNIS15A2jgEXVmnnGMs_FFYTdrQ,tr1
MASTER,I,3aomwYSfTesS8UMLmzmnVqQtGSUeGBpeO4gh36AUkICUydbHF_XHpNb5Kw,ShortesttStraw,13,38,32,False,False,True,False,Q7YFmsw7EIoW6VlxUEE4XD46qzhILRL9BFC54ct97Jsnr-vio_ThbxB7X74NB0fdHvAUK-ekUBn3og,tr1
MASTER,I,QzUR2NmVnFJiqHnEqh55VpgRWhFwWQJCSrbMgER-PXOw_qY,Shweps,41,26,18,False,False,True,False,B6LJktr4bxiktL_8dyA8O2ZVA88P7A512tDcWAMNOs0PJoEZjzOND9tMd_HtN-CE-yaHTynSEb-mrw,tr1
MASTER,I,C9SDgl1wjCx1_zFcSVejvDbQ4Q148Fb30nWQagbkmlyPdXE,Kyle Boges,25,26,22,False,False,True,False,-q_2UA1OhWHRE5b8FGaA4Js-AjXHuHQ6Xk1sSpXmfo4HD2Ace0w307IPgxJQz2FMWSnd4Q3exwOdrg,tr1
MASTER,I,MPbMAMZf4PRwmnNWAY_bnkmu5UFEzlRxDtWpO5Z4WLzhBiY,Antalyalıı,0,44,35,False,False,True,False,emnFoNQDBHD9JJeixE3L6FNR6O7qJ-0GHzL17hPH3kTB2WmGN-G1fpx4L4SOpclxJi4BaVZmfjW46w,tr1
MASTER,I,09AY4D76-la8HZrvOj0xYwyGZCZRPY8Ce7GXRoSTOwOV_L08jBmJDKq0mA,,0,16,6,False,False,True,False,CQGT2fstSkIdVxaeIGq9U7dk9plsH8z34O5NF_IcanstLbxRjBMgNXDA-0hJg0GCxrbJgsHyDxM77Q,tr1
MASTER,I,BUX5zsquh7vC8OF-ouELyJsgDCWBY_mN-ryvQWcpH-O8qw,James M Mcgill,61,31,26,False,False,True,True,WpznLvzCCWEQQ8iFMkuxpbhuRzPTu_UIl9VilpT7rypfoIEymUotx3Qc91r-qndxf6QmeRKu0LbX3Q,tr1
MASTER,I,1pYI9hYAI0xmdf78A_DoRt5tK4YIJtAMKNr7JNbsqY3L8A,alterNN,72,56,52,False,False,True,False,q2pQSn-ttlJcPoHMp4C1BW6HEg5BNmAAWDCJ8T_HAWy4Y3YQbyroPphVKkrRfwHrw9MKHb7wQId5yg,tr1
MASTER,I,HtJqimqXgDES6GRN5vXCz6AJw1Lm5GD6zX9v1WvPK8Nl,Zakura,188,36,25,False,False,True,False,yxf2Ah0GgaLNqE8twqWtXAYpMVwncuvatsuqRjI6kxQFjDwEyx1xbnXul7ZEGvKEvidj3I6k5xL27A,tr1
MASTER,I,lPCOTWWRMgYHRaMOUdvhwkGRdJoxwEczbb81O0w7jcYHtw,Herperslow,1,21,9,False,False,True,True,2gHJSHa7uDYN1c4LtCm098-y8qACpFXNO6FCHwxWLorR-OaSxlSnKpp6DyLddwyyUaUXpaJcI0wIMQ,tr1
MASTER,I,oblaZgg4Ft6IZpR472_DBeyBVgtnFk-AjOjwLj_sYKBgNL8,G2 Spike,1,28,20,False,False,True,True,zqVc9AiXNSFDpcIDD2hGaBW3_7nF_Jrg92mCWKS9jaUgwxL1m0-IHNhsNkh9QKc8RBpZ02Y1tm47Qw,tr1
MASTER,I,NXGTrFbBkIcB8SNbYD3HEbHtGz5SHVU9lT_ZvAnOeqdUnAk,March 1993,1,26,6,False,False,True,True,NFZmrFYOq9dFjg7sFjGSJyMMZGicWLsHsbMH5BcipwGmga62v1UxnYM4lseqZ-JBolgARFpSSAd7WA,tr1
MASTER,I,tOCOEmNZ--CZG8LvhlAalRYtpRqggujKT2nzciLahwBisik,EFW Morph,1,23,16,False,False,True,True,p1BG3CoBLvLEbip54pA-6ypV5CPoF00aE4jwE_N9iIqS_nVRWzxySyUYI5xSJIS6gwp-kV1Fazmtuw,tr1
MASTER,I,1kuXiUPanL4dPPqNVJyqTT08RKL7TiE0H9IEQmLoWtnx,Gon Killua,1,26,15,False,False,True,True,p5yhTTONJEJJkOrg2eMNZAOYEdSIh4k-45GRFgJH3t7PEVkcggKYutwI74UhBZyTn3gcuAkqzubmag,tr1
MASTER,I,9VXGYmAOhPHR4I_5PxQbipBqXDyArL2OiJpM_pS2gdOejFM,Föry,43,27,16,False,False,True,True,lUCT2Gb6qZF73gmM8ct42Xsozkc8Xr8_0E8AAG4YzsmSufhzmePX5dKEvw4hvxN5OQlHzkibNSncvg,tr1
MASTER,I,jQEtGOaO-n9vprTabKTuEAXP4S1iUcdm5157qwUmKrgAvVw,LİNGUE SMURF,0,24,25,False,False,True,False,PfOXkgi2MmcGSatbH1ZNEVjsNOcl3_IWQSWAmAEJ-n7cTqbCyx0VrNWZURRIKMzGfJ-rnFQCOJfoQQ,tr1
MASTER,I,-udYr1ClHQUjU3yYwGJlm_D6lzenUM5ivNcOjsTjw8ppk1g,Popcorn,1,18,9,False,False,True,False,iCupsZF_QUFeK4KPAk7aSq7v4AMX6apdcEcjo-dmtcrZzxgpc88NiccVOgshoQiQLe0Px-C29b8e8g,tr1
MASTER,I,5PqIQY9f0zzL4s60ucPiGiOIn4wQUI7rQHyZEwm4mhuI7g,draxar,1,45,15,False,False,True,True,oLBs-Kw-AebwGyJ1PqM5Vl-oBX4Q2sxGBOzj_bL1rXA8MnH_jlT8ZcJz1FTH4wVawoghZYEArV9bOQ,tr1
MASTER,I,pGku8K-mz21i-JUWGjiagg0Ab2GIE-HmgU9K-B5va9ENdi8,PIat AIemdar,62,31,19,False,False,True,False,d_1n1-b7cpxplvxnh6yEUzeeI9CIlomJEwRpz095A7vcgUwsCEgkkrG5HxOviLT_y7dBrYGey4NfUA,tr1
MASTER,I,HZsnbbBcDmFSpmjYUK13wIR9bL5fVuoKFLjWxeO9RLm7ag,not for u,109,40,23,False,False,True,True,XJBf_9qRTIP3buC3i1o1f33gDuWapPf0okDFvpil3IQr12Il5gD_S9iLapOb9pgFEhyBfRnYNo1tkQ,tr1
MASTER,I,r6vzHa-Mgb-cOVUQ63ucsvzZk9qY_u08BZKbq_ELcXhk68MnanASIZ6EKA,Duanikie,62,40,36,False,False,True,False,jEtT4fxtWqMbGtrObvV9LTfaZ9YQOuFolcphB7rx9HhYtCzsbrPGOZNzSYylSIk0ayfJJTiPwfYypw,tr1
MASTER,I,WC6rea4J_NVhkORtVvtgAIFMWMA4VszNYEin_9W5pNYHvYA,Montes,32,27,16,False,False,True,False,O9WuGmPdw-z_OY_Thy4hQiiZznVwAbuFne-XsEIUezDhzC3ux3GtDYnsQ6jBfr7YmfQR0mKjBMkwwQ,tr1
MASTER,I,4GRUPCF_qokjpF61J-WZflW259nFLXxNSAIjE7MdsIU2xX6CBqmKz6URlA,SunseT TFT,20,29,26,False,False,True,False,74wwDbmgit16ikAKKM4dD6hFRLFqm-xp6xhgglb0abd9PyRMEJ2H_swKZpUuB-pfhkA2J_Ri3Fh9rg,tr1
MASTER,I,xn50PdZLWJ0MCFG2gEeFwTl9nYqYjA-fMWaMaLYwiTJJyg,ÖZ BESNİLİ,0,26,8,False,False,False,False,egVj3SHAyEYmbsb60ELZoOWlJfvh-ld_rwa86_zMj-msABRC8d7XAmAYPuWi-OiNwcCYwZNBmXQ2tQ,tr1
MASTER,I,QmM5WUYKEei2U1oHxwNHhzWBCmc4j1-sJ0ohOPfF5NDWhA,deIusional,1,31,27,False,False,True,True,IqBx2D3CbyiElX1ZZ1UU1_ua71jVUGD3HT48kAJFGPFwqVx5TB326A3f7DCHe8eVOnkaxZzXRwe3dg,tr1
MASTER,I,DWeWYWe8XeoISYnhJZm8FSW01hzKslWA6xzhjcMafxnnAJqYLsT0_NwrZQ,T1 Cronto,147,24,15,False,False,True,False,-g_fttn7HqhrS3gtxjW5MZrZjmesPVlG1mFrxdjBvcp6FcpAiVZ5zPH94O278qVVBYQva9iwqpW1DQ,tr1
MASTER,I,jNzSgakR8R1DMlht6jEyGI21chpzc7yEIU_A9u_Ds1xCRpY,Klepto1,46,30,28,False,False,True,True,lFESWotND-_RxvuMYUeVmDODSMyvbBghsDfENtB66mZ_Wc35Cw3ztnYoSbiu8VxKuieYSjMWrEmuVg,tr1
MASTER,I,DOGR7bjMiKX-jWpStCN44-Swsmx3UArfwJ-DcyIrn0Yyu38,IHUKMEDICII,90,30,24,False,False,False,False,RVROxyuTMH8zDyQi8D8R__w3PE5-OLrcS1x_Bk_g34b0dbyup2weJ5biXrtC4jEpRlwz6Qm_9QqE0w,tr1
MASTER,I,10oWiLfDue5Q4dX7UQrK6KTZiHVdFs8i-hf2cyUF8p4B,obs3rv3r,1,21,13,False,False,True,True,C6ZT1hOwzmxlVhsk2spV8WtCZ0BkYDjvcAmM9G-V_c9tuH78Gg2yMwV-c3ufbJNXOgVewNfF7INONA,tr1
MASTER,I,Y0m7Mve9_wN66T8T_eJoJs645KNq-f2GwDRifN3uDigRzm4,Bhekheijur,1,69,68,False,False,True,False,I5ESH85LalXlfnmtEGK3i65kuWn8mf-pKEGKW4o4lgcftf2cdSFB-p26tdhv0YZgjK8soCU4baGDVQ,tr1
MASTER,I,TLwhJzHmtC2ETdFSHjmlbfaaRmo0YVkfdEY8khsEtuwV3w4MRWchwfG5BQ,Mocrlerurn,44,33,28,False,False,True,False,gp2TlkjWAy13lIPG2ijGUStXaNFISNgkoNnrApmmB4k2l0yzw053j0LcEIIF_TnyiJmH4KMkaYJu0w,tr1
MASTER,I,BBhlGRfbm2nO1sID6bQpaGQ7Zf6cMDettZguOBYcOfwKwdc,DibOland5,16,39,42,False,False,True,False,GC_9eOYXZNybpr6-55hY6wB-__lHRpO2IWTX0FGvvoFSbNC7BdWaifs6D2qkcpPy5x2vehmBT3-8zg,tr1
MASTER,I,fOGUJKSAuQDnhaxfB0dyiyIg6TQbSK71HRcbyyeINhL6bV5HTfXRBqOWSQ,CrudeIis,43,40,31,False,False,True,False,easnqKwVFIlAsM3_Y8u8w5ROXkziHlNlv_GSTmPT9k6jzppIHv4nDTMNu4BcbaN0YHN3yG50w9GSFA,tr1
MASTER,I,WHWTtM5iAQi0OwcKMYyKzBy3_Bf8KEMTe9-DapNGeULtajg,LazBey20,17,21,10,False,False,True,False,mVw1wojgHsIEogrN21OoOCAHcEVNeoMBrrwAbWPdxXXyPjOTIRNwPKm1AVmCxR_NJ48C_4Qyrlka4w,tr1
MASTER,I,U7undTZP0teNdVRVc7LFOaHYoOqOSxYvtAPIsMAUD89PZkE,Kral Wladek,101,26,10,False,False,True,False,76TrZ9CpExacXApHFKRf1SaYM_TrlF65XmzFG3FZ2LFqKJ2JfZhPhyaeI2ZfNuTeAgOBwxWFdfIgGQ,tr1
MASTER,I,aif8ij865KOqGwWFdLY3K7sM7qnx_fOcgHPhomZCsyTfUKU,SeníorMatkap,0,30,28,False,False,True,False,MzlSJ0QrHzYM-8JNWjj1-LMK_oqlk_9TD86GLJJArHudPoQtC4TwfBQ6_jA0EjeHbMHEdfjzrOILag,tr1
MASTER,I,umEUDNXax0_oYBesAejhMAlV7-8SJC6LV5YV3JGtPqgZQnE,tufi tepes,1,29,19,False,False,True,False,Vn4aKhbg-DUSsjZak27tAWhbTmvLYVdlagEKFeX56pQySaElEjO6xvwiaP2svHNxgkGPf5wgb5ZK2g,tr1
MASTER,I,w0yo6wJ1sbYXWpCqNBJ233_EpNJ7TGkCoRcNu0uK7_JcSZzJxfL9Uu9L2w,Elvator,33,40,35,False,False,True,False,KDyQX5a0qkRFf_EJ8eDqOL9tLBShSTdL61ph2hdLyb9J0t183FDlAIMMYDQmEACF_ync-nDJ5PYPBw,tr1
MASTER,I,3Wd00ZFrmaX7ZxhaGa7MWsHxJ0QYT2TpxeKqbKXtnYyj4FSbuYxSOwXQzA,Dernerittar,1,29,15,False,False,True,True,4fdivJUYKCWK7r52cp1Occ3GfNLa3FNAkHx_FrYusolHw_hsnXRFqpPVuP07wY6hVGkHFbjyQWiYNA,tr1
MASTER,I,03YrrmyczwScjwkOVY44ZtiarKakmp8XJIjBdHSHUynJCA,ALLAHIM ULTİ AT,1,39,36,False,False,True,True,PC8xWNGk2Y2uPZcca1bAXao5zY95M482JnmCkbB7Fi8Hg2IhydWAj4walYAT0SRvPDFqJEeIQYv45Q,tr1
MASTER,I,nkTuBGNt10z4eJbFa73LSqAjCCkGBSchro_KDm4ODIlvPYZ_C_CW4OKjpQ,Unknownż,81,44,32,False,False,True,True,-OaQNIZoH_eWesqsTKxworldeLr0UfCrZ-08eSqaFR07ZOXYOVr7LuT3-3XbAcEebf35Oc-n-fOI7g,tr1
MASTER,I,RY8Lb9mZ2Gg8KqVvR7fACcHWPzpRruxPSnPnBXCvso_3oUY,Tashy,1,22,12,False,False,True,True,pkht0tfyVpKVprwd8ZfuD2bmv4bNGtRkYnCB5mcmoUbDZiVotp0HcUTshcjLPbTeFKtT7d-K2n3xsg,tr1
MASTER,I,anaMat30DTnuGJ2VT8DY_FmZs2Zw46boGAFuokHOLUgUFLA,Asopos,4,29,20,False,False,True,False,rXnEiqvmL5Z6UNxayYXJ7b-rppvNqXC5p8KqXqUM7_AlGixZNOx9YKG8da_dqOpzBLTlZQn-1rDBZg,tr1
MASTER,I,uR-rv8DxnuOhRXwu6fre9tFT1xaRjMhKNm7eBBaLVc0Ncg,mert423,21,43,28,False,False,True,True,aKmRPgjLb0E7yFkDzXOvhDgLuqCKgtrz_aR2zuIsRi9ZI1KL8i5OYFtpCgrOC4gDGbSfZWy3NfR9iA,tr1
MASTER,I,Kxd0xrCN8bsnjWg1y9f3XBgIIx_VTSr5FXaGkcVpTmejSoQ,Art,0,19,13,False,False,True,False,i78w0KieXy9rdsV6gdNczEMmPJFWL6fd13gcLsjnq83QV87w8CN4HJ8wBP8As6XdeAPTHCeO8y-01g,tr1
MASTER,I,Vo0jKg2WpHsW-qIaicgXsji4CEldhhMzs-KrkJIoLZlL_2A,Toji Fushıguro,102,33,21,False,False,True,True,25nRm5yHLvkteiosfrNwV5zDAFbA4hMHkrh7LbnPpqGixNJAHxD9pJirEqRrswcWLs_OJg35Irywvw,tr1
MASTER,I,Y18SNcEDVeSXqRHyWV4LoKM1Mt_JsrCgKIKZ6-Bmvon16A,L9 TOXIC,2,31,26,False,False,True,False,BT5uGMfRcQVjyfWvV9I0VHPAiprjrGoYgYP1lm-asOTfX962mN6dNfvi3EB2sl4pjqSKiy5CLCzfJQ,tr1
MASTER,I,H3v-RekqqNbQSzaUWt1oGsuG5n9_Z6t-28bzncRpF6yL6P-YyMjtw1wQ7g,Asæsin,5,21,12,False,False,True,False,nX8avR3bAuEw2ECxEiHgZXHTJqDuKfjHpXdDqMNfEQkrlW9nNOw6Xy_-jHMQzflOnPO0uAqa-x5GFQ,tr1
MASTER,I,J_PpFIXdIJW7WMXuVIpUeqWUDSFnUb0Ao8oyH8uZzm6WV8Z5WyK3ucKcAw,ADGOD69,0,20,5,False,False,True,False,6-WPGd4uQ4s6WZjDH1eeuhG-2iiyzzn-NpWBSt-igMBpLL2sY9vwyGhBZ6VNqqYEizi3bGL1Ok_RNg,tr1
MASTER,I,cjb0Nu7uP3VRYsK7kjy-DqFx_r6aMAPTA8_s9Lz_uwzep2Q,Sadly,23,19,6,False,False,True,False,Hodc_vbZjqjqOVGlU8FzGp_4TcmMoJNkWb9f_S85J4Rzq3GBhl2WWeAxncONeH249Bk-zE-prmPNew,tr1
MASTER,I,ZknMRSSaj4hSYql-lkLsfWiEfNRqZGOwwNdUT9kifKsYnbJ8r_HbC2l_OA,15yo teemo plyer,0,24,17,False,False,True,False,AglF3DWeqO9UEDF6nypMQCraHRKQigwq39FuO2WLhk-hRDut6gcV69zV-w6TVOI3mTKSDYtifYWDgg,tr1
MASTER,I,3MyxFjHexq0C2Fn1nSUe1xgIgGDzvKH23yCUqd_zSVTwOiM,if u can,8,25,21,False,False,True,False,xsDlm-e4cmnFOpk3Vi1-FEMU5l0uEN1LH8TR930aZgm8Q5O604VRr6hbpiETjZhReGRx4JK8uXatVA,tr1
MASTER,I,DmSOrXCP1iGag8CC2wMwPqWKW0CrrIDDU1xbdlrA4f95Z766ZghBx89m3w,Xonikathe,0,16,5,False,False,True,False,dGIpgFsgmQiAHgfA2ny3UTbIA7rvIZONItchnjSC_EwgVwyXaJ9tJPr6MqVu287HuZWMGUR0b49cRA,tr1
MASTER,I,T5Hn6G9C24W7hCClK0mHZx2jIUPfISbVncSmqsSAt0oxyR4,tenpennyy,50,25,16,False,False,True,False,9-w6V_dvJMEUc2IR_8I3Jum13EBRSKw687Edq5z6sw2bN5l6eVNse_LK2gP_W4sNE1r_vC8VMW5bHA,tr1
MASTER,I,Gt_WxRS9jIjJ4qj5XTDGE-FmFrxhlGA88ANjGEA8wQRKHA,selamknk31,61,46,45,False,False,True,False,V7j4xaQoJYLmnm5hMwdd0D1-MLemqiJXxaLZTuwCvc6UVmy1xtBl_o-LluzCMifOJdjseTSff7ro4g,tr1
MASTER,I,yC86hTLJzHRNgwFNoLnKMmz_RQVMUMrQpMdreorIedGGkMEcZBkD3N-eYw,Ada Loven,48,28,21,False,False,True,False,WUcTC_M1iAmi_IGP2Q7RqLhBJoZelHhxy44r4szjTHBenbkZez_86JpQzKvS89ubEtboCLEX3igQ_Q,tr1
MASTER,I,aheXQZXwWU9r90_mkbt0i0kpndRzR-aoEXJHMhvcUEy4hg,600Camille,42,27,13,False,False,True,False,-REQDD31HoWXdiLT-mkCJaALb9B8bjDN0gseOpLl1WvIxWwIIpPAgSrCXWD7eL1ekc0J4UPCI8ir1Q,tr1
MASTER,I,_hJRzPURv4bMsFkl-YPrytLlMgvOSpu1L_Qcjf8pcrXwAOs,piel de luna,35,35,24,False,False,True,False,XTa-GZx0wP4VlVHmCa9iLFWy6loWR52XYu6g3D6Sj7yrX5eM7Kb208DG8p8B-_tMFxraPxxY0flo3A,tr1
MASTER,I,yQ9vE3OgwyDrd3J9yCiRAXV_drj5-G699c8LeZM7Mr5NyRU,Jerich0 SWAIN,69,46,27,False,False,True,False,J43yqLbndC4W7rKbnN1CPQAXroFgv6eQjiDSeMaYQexxwpi1dih6OdQYbrW0pq73x-Ky8jg81Bu0SA,tr1
MASTER,I,W-y-9LMbNK_1Djklnla-Vo4OuGSDgAiNbWusghvbS_D86F0,M3NT4L,0,20,12,False,False,False,False,_eOB__84HByeyINIx6cZj6V285PZG_R29Y3vwGvO6SAbzp2qKUVlj_vUZ0G8wBHdNYcUgBrqetD1ew,tr1
MASTER,I,qAiWAfIaj1HYwzcpNxWbEYxl5aS2lA4AHLg3diRbMFyFW8a8i91wNPNycw,Usteryohani,1,21,15,False,False,True,True,meuTWMgELAtUGXkNzCerZIwEp9cvOXPwYWHhIPDaDCDEtGHzDU9my1S0QgYoomZk3NuUiBKJlBx_eg,tr1
MASTER,I,gaBEoFd9YXc0Ay_2I1z7oeBmIxRIYN0WxOmo0j-rchRDh5dD1zySB6QUDg,Namus,0,52,38,False,False,True,False,ysvTYLMxGMhQWh-um8sZWH6tT1xOMbp72hO7B2W52wXPp45XLlhGGE090Hp1qqjzB0W8UdTzVoCQeQ,tr1
MASTER,I,l2-BQaSIwElu98dgBdC3amCeIknK2R6CdtgBxtf1RjWnKw,Egoist Hydra,1,19,10,False,False,True,False,TtW8syv-28SapR7wfUQPLvPvtFqZwITJ14z5hDsOkvKqunxsmV4wtCzXt1IOoPTgB3r7upnHTqZ7-g,tr1
MASTER,I,5GFzRPVpRgMlEgwx1Q0fiYdHfiyHv85FPPWfFTsWzMapnCy5m60RnyW-_A,GoldenWing Kayle,159,33,17,False,False,True,False,MscgfTOwqJZUJv6kzm8YMdiiH_DiMKuJlfI-jjV18FQj3K2Gh2vJkVw4MCArlHr_EFZqolZ_cagXDw,tr1
MASTER,I,sfcJeuk5SY3FpnbC4vg5QWWCvGm-0CJ2sVb4TPqU-rMOLdo,tyinyan,1,19,9,False,False,True,True,rBwCV9lDH385_iYDgQXg5WReUlhEcOfH164bleJP2ygwJkul2BjWeCFbserkCjchgSzSrq3IlGXGYw,tr1
MASTER,I,bO3du7HkeJvkcW5HttiRs0Vpw2reQ8ZIalZAZjV9_Uztrac,amenotejikara,24,17,3,False,False,True,True,vS0ffSv6nYjKYdPwuB29WbtHxRPrKgX2liJr8EgCnH49ixYM1dN3mBEYQuSeIGGNsIea-shXxauJFw,tr1
MASTER,I,dKvLWjnVGTdJRAB0ey-C8RB4YnGgefcxwAcs_U33-xUvKZM,SMURF LORDU,44,43,34,False,False,True,False,vpnxudJZa-y14J4rBSkoXyJHzW-yZsr9svfOa2ZSS0A95evwm04XEmaTgS60SAuh63W_QqmJV1U4bg,tr1
MASTER,I,WfMGdFRNk-mwk5ix5z9s6pmC3Niu3Qdx8DAekKXOx8DtaiE,Who Fed Lumina,0,34,29,False,False,True,False,0Pat6GYipYyniWbm5sTSRCzTTVYxcfUXVkEpD3hEN2Z_IBwVhRJv-wgfBIlKGUnp3j6SmpD6p3CVDA,tr1
MASTER,I,UwHUer4WFYCcQol3w9JN9D9qu3Y9PcL2LRuztDvpuZ_HYxU,luvv4,26,26,16,False,False,True,False,DQn3aKpqWj7ZdRSZub7xDbQBuM2w-gvf-fGQyBVZGaNtAXwBcMJvHQiuY4j9qj0TdxJXzSOdiGPlEw,tr1
MASTER,I,8I7hQJxidUe6HRgkEhZF_cWD3Pf4V0hLJpBhCj_CFVTK9K8,Paseinwenth,21,30,31,False,False,True,False,L4CyDkDOB-2egivh3iLxrJjb2QDtEaXqTsLF50DEuEvVriSr2mWKPiCcknVVm9SsKMR34V7xzYrb8A,tr1
MASTER,I,sIJAdMIF-ysHZv_JUSej8JXwPMiuD6Dc5ipvEOSfatQCUA,Salixalba,0,25,28,False,False,True,False,zGlvQeTigCJ4ik4ZtbX5Qf9SYVkuT8UOZIXhAYp-ejm1h4bGGDPeVpZ0xIPLuMYO36dCwdIslaBWJQ,tr1
MASTER,I,8xAPEFZPIWj_y3Q_6t5J56QUjt0a6SY1BNlJokd0YFBYSKRVjZwsP9FjHA,woxxerx,1,30,29,False,False,True,True,Hmvvwyxg8UZ5emmGTqMJYOPS91kBR6HfzTyGBPoC7sZ5G7TKGXBdg9gKPoD_X2H5hlHjoye3DjPdnQ,tr1
MASTER,I,S00V7wTvaFARE1JjDQqzl7DvPUW-yiuwAIG6A_lrXpMMFog,BabunKing,1,21,11,False,False,True,False,tfAhCyCovnyj0gQcdzQYbT2EXkr9eOfKL54Q7m5_mDMRb29Rm124dYRviuhusU6OI6laavs1TtyU-A,tr1
MASTER,I,_03bkcd73sI1-O_IFdEGt9QEJ4j1LRAivhW5KnjFijedGA,EqhuaIes,44,29,16,False,False,True,False,CinVdatoIQUsbEhGrVzEibOIYmA74xHq-ZGmB-hHSoIgasITq0XxuTi4941xoNE4JnncYnJ-iU2Byw,tr1
MASTER,I,JvuoLy0cOGc-J4OcladOe_r45CMpJlaquciC2FLFqjBOiQ,feIix felicis,0,21,12,False,False,True,False,vUdm3WCG27n-saipI28VGBlszcC8M_TOXBUOwa3gWy9vgQ9R4ElZB4DiYT3ZrDpWVsSkSTg0f8PZkQ,tr1
MASTER,I,77WOCvy7fS57tnWBRLCiv6EgZufDke2_eb_nhw-YOgsekg,HAVAN TOPU MEMED,1,26,15,False,False,True,False,vcYl2AMITTq5HYzXDU0hjGn6fsEePQrOisyCukF3RtzeFTSm0gXRd-eill9nu658CJOFoex5XznXFQ,tr1
MASTER,I,1GHyNEo5r7Q69B2yB-G3NuqpCaL5K7scH7oguGDu1_H2_HMLSYUCLasyRg,Quinayno,1,17,5,False,False,True,True,j8a2-lZ3iIUQZfxcgU3jjG8CVDzjRhEJQuq--I8rwDGWc3yhkrjwQLGdkAZfZkCUCPJfQsmfV3JOQA,tr1
MASTER,I,jlsqjVa8kAQIID1mCn6hyaz8v0LhZ-tpR4-iJaj1ZA84MA,,307,63,51,False,False,False,False,zrefqpun_N93qYJ9Lacop_9WJut4u2JNIIhSXd7ue0MGw2tCaal6b6Krsym1XQLx9SIGXFfetddRaw,tr1
MASTER,I,TcrPZP0IV7zn5Ropm5F3WLaCiBNuDbiOKevytKEK75OCb4CxZQlFEpx3JA,Ymathrow,25,20,10,False,False,True,False,T-r2sdNuD6AC3kpxrjluUHabeJyPYYUP46xVFyIFM1Idqe_HfTbzziPdsHVtLnpevN6IHbTBHfZEjA,tr1
MASTER,I,06FZZoUT1MPA_iixGdmUQsBUb1f_v4NWVwyyRUtrGPqWFGw,Yucé Honos,53,25,13,False,False,True,False,NMFbboQqPECPXl5MllTggBlyHAVlNmdhcdEB6SNBNWJE-jQ22gNIAJy_If5d7g75FQAOhCOhgGkq6w,tr1
MASTER,I,JEmziv5mI2W52FIou6SPDlT4AZaPE969GxtBS6Ls3xLNDUk,Şekerli Fındîk,105,30,12,False,False,True,False,hXkIdm00KHzWYhVm7vmyXO5h2Lfypsq4fUnRjK_haDZW7824bvPHa5pca6Osic-8xOGf17Dud3fmeA,tr1
MASTER,I,zZMiy60kAI9ltnwj2QU6HOFHxrUB0vUT0yzG-CEl85wXcGpgJF8dbRsEdA,scripted player,0,21,14,False,False,True,False,FL29YSPzr8CBBANt9XWZr-TrP2vs5RrxrGUFSZ0rT4J010ZXNRPhDcrPvA8Od3nxi_9SP-Z_g1gTjQ,tr1
MASTER,I,qTG6E8ytnf4zDfaX6r_hQaWSX5uv8zfKg73Pj-ZaH0Za,BillyZane,113,24,8,False,False,True,False,AOf9rOGGloqrdxMTKNkKRCXh0SNOJcSfLojeuMpbI7_t265_Auk2WBBBC1w9pxHH_V3rYGYw3DWe7Q,tr1
MASTER,I,kiGKZ59MsagC2USTtaQALxpamfUG53AERWEfSQLeOREfpD2gTajkG3AGLg,Kailiamad,116,47,43,False,False,True,False,iBT7xZNZGl3SvV0gsAwP6B_1dREBhn-pmO72CloBVuSHX24fAf351gaMppW1zcB3lv_6hxv6VEBUog,tr1
MASTER,I,VsG66hk9ATU1iDYyBAzvUC8tBkrzzwdbcgv7MEnk_Urzuw,SUCHA BLYAT,96,48,41,False,False,True,False,6oY-LM6MdoaU5hEEuJF2vCiKlgw_uV16xKIXN1GSDiB3TLnU92aSk2H7urpKI5rkYal6ZepK-JyhPA,tr1
MASTER,I,pn2U6LlTCJPqlF4WNdKVnHbRPtB4qbXzoFuK0vbv2TMeF3s,lonelessss,1,28,26,False,False,True,True,Y4WbiPY7bWHAwcDK0Hh_4qiBzVJUjhwnrLN245Z0DtgkDmRthD7hzkHzz3BgUX-4G9jxLlLq1mIHEw,tr1
MASTER,I,c-SIj3Qx9kRRb3Pls21mOMW3rlrnT4rCEYzRs8iupGc2kg,SKT T1 Zeus,203,41,30,False,False,True,True,Nvd9wJpq9GCBAShA7Kg5JlnDSf1p30_fiVQwLFXMP_xZWdV2PEMJYIUoOCxCD9Q_QKUnbxgspdj7rg,tr1
MASTER,I,vPyfqaToU-2g_SO3D-BqgcigBc4fGfzHmLdbV7RIPPSQ3Inf_bFUF683HA,Jyaoi copiéf,21,44,14,False,False,True,True,jGHMZMP-YHrFVBxjUakAwI3e9zMFQ9wH3BIMFLopNRwka8tK1PYilU87SZPj_jTMz4wI2IlKJjExZg,tr1
MASTER,I,rY76VA8uxECVEhtX5zjLr8-YV8FibTs2F6-gfrDbmgpHOg,Lerguz,20,57,42,False,False,True,False,xXUwTJe04W8qHR1NxR2-M7S4Uk9MqWacnZcaqTyEkzuDaBUdEbWwlxyzN4JGsl-GPhoNM_NGCZGqjg,tr1
MASTER,I,XBAyvS9QD_YyrnWQWp9aEBR6pAkcjV1scr6ILRrcOUY1Fg,Xlaori,1,25,13,False,False,True,True,_pXhR9hXSIVLRpKMZ_K0Nn5ySEf2S63WEsGlCHt32sWxCIUjiLT3M5oDGQqqj2pscQVD7UfroryMBQ,tr1
MASTER,I,R992R-vPyzE4Ec6geqN4wUs2vC1ucPKWSL8z3upA-7dTKPA,N A İ Y C,1,58,40,False,False,True,False,At-0aYicVnvMGjgPdxwKYOb4RBeW3pGxR2849vA5ixIY0v-SVrEaca4H1ECWMnmyQ7ZJcNtmpsSjNQ,tr1
MASTER,I,ESbBfI9JTIi5_KkM7fHxTKVDQLcupSSuXz4LcAbsW-DIlcg,imagine a legend,69,23,12,False,False,True,True,v-Yk4rFGg9p_3N4kVIorw7849FOSylQaobVHvsrrV5pDPQkUdKpFGtpCaYwiurUpOs2v9ybxKYAQfQ,tr1
MASTER,I,WStXvxrlUnuUupIA7gj_aQLNyn0RH7YoNVqCytfbSuDIPA,Yalqızam yalqız,42,28,25,False,False,True,False,CC6f1w-y5NJmBOpCjKWld2DdsKpOqnFEEmHkOAukbt2wQvaZMZjxacpi50l0Ury1GcgDfERRxqLJSg,tr1
MASTER,I,Q8uuzNnquMUdx1Iq2HUNh9PM-EiT8i7P85o8hntjjUn4Tg,Phyroll,36,20,14,False,False,True,False,ufJVqohoF8FCN5aGO_jiy90HJmmBeIDtpv_9iLUvBX3_pEyqJQQCbGpT4N5Bx6bNmvre13GjK8L7hA,tr1
MASTER,I,HToyNYDpJH3wW-Q1IOlZfyH6CAzI2ZrF8BnMB1TyfMdSOFlQl6VyfcfW_Q,Shadpor,22,37,30,False,False,True,False,x_S6hY8p7LmA2gtc6gpJNcd22dpOhBZyJhlf23WItnH0CdgZVvupzoe_nYhq8yre2XE11FGJmOG99w,tr1
MASTER,I,PvyA52dM4xRQaNizelPt8sc7P-gktTeUHWax9lPZXy0j88M,TAAragami,0,33,23,False,False,True,False,Bd6HppT6u5Q-w3hauQ9QUsrRzJQCGZwHSMAdTrYNELlDMMoxyUTtSFWMG-GvNNZFSPxSZ7mN0uSnfg,tr1
MASTER,I,e17uIDnbPSkjC5oTtUudGhQYqb8Dq-gd3o1FbEqokAcxGMI,still depressed,132,35,26,False,False,True,False,vJvYrjpiIc04R-QmDF__-ZAr1ByqQEfgWcWaJxwnuyQ6Bc_mzW15PRg8FTzcw_vxXIrjNrz_Z0GD5w,tr1
MASTER,I,4zDJHYcRwKmSzt0gOROffpIr-2NqLRa7p2ZX7YkbFb_6Xdw,IIllIlIllllIIllI,22,29,25,False,False,True,False,tCCW8cNeJvU0l8mavVrEg_pyyybEIdW-tq9IbuP8OIcY4b8OMVxy9CwzlFH_NsP2lJbxVKVKJVOW9w,tr1
MASTER,I,kdD6hggSPV1qy_ZOvFj6utHSf83EEtS2kl-tFXTUFAlPTgc,Mâuntér,55,18,4,False,False,True,False,n8M2-ufLuYUADUfh6kwHkYLHEwtyXmT4qcEQCC0v7JMPm4YW83XT3LPz3aIpdLZ6vZ8QXJpSBIOHxg,tr1
MASTER,I,UNGAi4DI5zGoslvracssDHTJbwoAXCfAMlLyaR4nBy1c03A,Republic Korea,0,19,10,False,False,True,False,KET-evyKQEK_KMvTHQOyqw3q_X7qQMuZMmEw4yVYJiC3PJ_parjluhlUS0xEfuB3BmG4wIRy7FSW9A,tr1
MASTER,I,PQ4k-p4widwGGRFYn4NeLdSgW6pfz7mUGszQ40oObtxeJmQ0mRrt-sz5LA,jkjkjkjkjkjkjkj,132,49,31,False,False,True,False,CDBLJRVv4i34bFtzB6oJd692-KKYXYOO5gWj5nSXVvOG22r_02p0QXugbgbwc4ZCp1UglUjXrk2DCg,tr1
MASTER,I,wXg91khCJZN1-Tc8EZnw_CREJ0Ic2rMDTuBkMjxYGWloaw,AZİZ,148,45,23,False,False,True,False,FjWayetm7J-BynnazROceclictFfaxXGl4SWau8kcHzw_msNIMShvoPRf_btc_kqMluwdXFH9ZYqDw,tr1
MASTER,I,1KZMQW-U68uYl311AVXDV8Xv2eEsBhGF5NWoJX6mRGUF-EGUF6IF9fslYw,Şopar Bedo,0,46,42,False,False,True,False,z5_i4e0hqSeuOAwWzQMN57fuKZcfxRfY1x-9SsuoQCaC6STGPWmUIgq0Y80DIF9fP6CCbRxOYsIKwQ,tr1
MASTER,I,EbgbGdBYxhmoee72h9wiFr-QBvmTaD9Ai8qtC2uzo_c95Mc,yoichi isagii,1,16,4,False,False,True,True,Nsgc3IH9w1vX4qL4ecvUsLqiCJg3Bw5SJzTTSIoe9aoOkO8wPCOp5yieiahGT80swE8KSkxUkuDBbw,tr1
MASTER,I,jL2vxvf2E3h3YEen1UzsPcQMCG7_EkKLcrNMf6jNfbmGZw,dont use react,0,24,18,False,False,True,False,AbMbs6lIzJdudQBO7-oWeG2BMiDwgaoP7B4V-tkZa_0PisDwOEF_kJnkxTWW_E5NHoiDKWr1gIA1fg,tr1
MASTER,I,KZaIp1aS7JufhmbRSPtm7_Bost2HRiSZNFQMUxZb-z4w,Jean Shaker,104,40,22,False,False,True,False,gysjzjLC0RO1jmqjNz1hEypOch78w176n4rjnnwVfzLXaIvNnS6uLwe4G44JGn7Wxs5CftctUHhkwg,tr1
MASTER,I,JivR6biXp20yrVfR9tB_pXD7Q1GDSFwnQHoQVP4B0Mtky4E,someadproblems,66,25,12,False,False,True,False,_XQvJ0QEpavN95vC7c77tbrUPASFjxd3XneKJg_DOWNju3M5cTehq_4FXNaEKttaRld9WJaTcZU9ww,tr1
MASTER,I,OjrQu9cs5Un7ZTibLJp6KEiwZ9VgaYeYNv-ZrpBR5eo99wA,Scainter but idk,69,46,43,False,False,True,False,SEstiiQIR7ildKlybChbOpiI1y7vW7iSd8bxj6dAna0RH2XMfY433XmhV4fcEbFRdV7LzNThx6S_kw,tr1
MASTER,I,caPAc1gC48Cs-iZtyErwczWUI8Fh4b87iQkr_ccJHcoqtA,instinctive,96,30,20,False,False,True,False,IWQbWksrt36cipbje0jkU4S51aUJlb4kzHAnB7FltUx7wE9vTR4R_2WqgEnpteeuE6MLhHv-QuJueQ,tr1
MASTER,I,5wjz5CjA2Tc6fAJ-uYxdfT26z2jViZyr3SHHb-aIAmulJw,Queen Beyoncé,103,34,29,False,False,True,False,4a36X8tHc-7vnSr37T_e3qdSPo1bLM7Fnfc7sYPe8Gh42f266L_qlmLndwn8v3KUdevXmWNxaBGgxw,tr1
MASTER,I,CGB_u554dho4IolFeEzz_nIzxAjUAxctTmwEoNQUElZB6f4,Yücüklü Sumurta,0,35,37,False,False,True,False,x5l-04paXi5zobAKweL9J_ZE7vTpJamKv3TwbIW15l0Mdwk7GzzNUU5D1Zzyv2k71Ayvx8Iz5jV2Ig,tr1
MASTER,I,IPDnNmVJK0-bsWMzKwwM0qHhk28GfxakSyhZSaN_vXzIPCc,Mordecool,0,27,18,False,False,True,False,jifxR6WSH97S_9revmYzQC-upkBLEQRrvIm5X1wTGIiEQ_SBYkEFayfMKUALuMjIczFbQXTqBP4WvA,tr1
MASTER,I,29HBewm0qIim8IpfMAWcZypTrg2DvF97bfbOp8JJKfvvgO8,La Câsâ De Papel,117,34,21,False,False,True,False,OoI2_tFWeRJdUKMzTMsMjFI4_Uink8sKG3_WMYpQ97_GGUtKgsIiQre7CknzuFYexXCbfo-4WwFprw,tr1
MASTER,I,RWX-d6iHWO3XGKv5abLfcXKbbIrLXjzJgdZzhESgku-EEF0,Enoblex,0,33,22,False,False,True,False,vbmhMq28Gjaa_Bu6PS8L2G6V0uJF4vchvdquClRpM-PHg7VWczC4B-odpVsBwrHiooZ-S4yliIMExA,tr1
MASTER,I,CxYSn3qVaU6vgB83sm2yUoEAa-AyN247di4aWd9UX5yDXSAyzeZ4uHNs1g,Ollindro,23,24,16,False,False,True,False,BiPE9eMXDKx71Pfx1vTTZyZRCxuijF-td1f_dIPo-vgUsMRQbxjyEWXa0bIRHAG8zKqpL30Kn1Qo3Q,tr1
MASTER,I,jHQOtP-u_fWGPEPr5BLGHVByNPQKgVdVTdXvXKtKdV3OJZM,Dìstørtéd,0,38,34,False,False,True,False,WwOTm2KVb9G0nwtiQFmKR-LplmLTp41XJWyPkq1oGos74qY5f1L_fuahQkEylH6bqlDYbeHPw-rxDw,tr1
MASTER,I,qhAreeaTQJrs2Le39eDek_ZFf9g7vEHd19FmTJ9m6Xo7lZA,EXPERT VELKOZ,93,20,5,False,False,True,False,WHRswSkJcu6W0SH5ujDw1b7DDMNyUmaP1la-67nwPIrxhM7-iAx17WpLE9GpocLVZkjwvlP97OVx6Q,tr1
MASTER,I,HFnXmnY4eNP_v1cgeo2vByAFLjYSObc3dPH2fdAn3ndd7nM,pRimee,1,35,32,False,False,True,False,uSCxXS03tem5OuKPyWV9xrHR9UI0N6Z9bAtG-z7qj3m__RwZRM6TraF6ELbFtTlDqXFu0QojLdrZrg,tr1
MASTER,I,OgysWN0i1JB3JzORTiFfVepzHB4_eLM8GVbed7twIX5ck7By7gvNJ0Q12Q,,1,45,19,False,False,True,True,7pqhm0W4mWsdC9n6m_uufwis6Rt7tKluiBIp-sQ0FqapktrN0UOCDVS4NCYtrW0rvKUjpc0hgWF1Ig,tr1
MASTER,I,4KKDCn_k6Vl_I-R8wSSFjMLWUwjLqyUqeeF3-PGmkgHMEg,Litos,40,33,22,False,False,True,False,ndNqyMXA4xEO71xPLxH5YHlLmbSfFZ6BCAbRDJ7hcI6c9aXLG7PjBOAAyKG42ywxJSFJAsx30AYglA,tr1
MASTER,I,3xvov6RQpzQxCLdCKQdJIbpHrHfDiNbNqeytHqG0-kMAoD0,Madpayk,114,33,23,False,False,True,True,GVGHcSu_73OjOXoSL72DjyKJT7fcjPZro3yo4OgCJCc-Mv5xl4dZcZmWrlZx-nCyvZXnu7Bj8Cs2mg,tr1
MASTER,I,XhbhJRAwNqD6k04vRD9Q_ZIoAIK2OdO26YCGNXVYUBAU_qc,Eldrith,167,51,34,False,False,True,False,siDi2eCeHdaTwzT8I2OaqASJDA8B5y0B9nwDDUJ7-_ZTnTyvaf09G4LZc_1Q-0gHw_Wi1O_g5D6bfw,tr1
MASTER,I,IUm0-aq721FkPqrdfSufpHR6lfSDE1J_yj3Q72Js2-m5tqN5EIygZ4MNhw,Motteffyda,31,26,19,False,False,True,False,k0uq-pcFuzJtKR24wOUDMFD5DMmspJU0IwtBo2oa0-yupRVzo2UGr5f9Rkrh9yJnl3By2rIx7j43iQ,tr1
MASTER,I,rfrU8NC-REOC_vGk3q4EW6yGDcDvlWtdpa7MRkShc8jhIH4,Shrezi,25,30,16,False,False,True,False,cA_sp5pBc5buSYJ-1Ia6ige576wwEoJKWVexdSa29qry3TsM-ZUH85eoj8z78Y56LYHDWMLq7P4k0Q,tr1
MASTER,I,4mAgxZxYXNjT_WcHm7v-Ko_2s7hBgjQJGfaLjaJbQgn3Vbl4nqtPuGYiDw,,113,35,23,False,False,False,False,nfMAm1JGtZ3Umg8rkrw2jqMSunychC7ybmup9v3CeoAu0GuNWYJy_7rJZboTvv194he60w7w2AM5pg,tr1
MASTER,I,AF7nXHsObHguvyMv8Eg3Ydt5O8QiKlJa5_ctkcGerw3dk854q7DielK2Mg,3nes,30,24,14,False,False,True,False,78GBmhLA_t4y4_9UazHTzUeh0po8olFJjzUG20Teu3aDmbrDJPVYjbsxEJFCSzK_a1ZVhiK_Utvd3w,tr1
MASTER,I,8LjVsz0Er_n1zyDSlupWYl_cjtexEdirHXaedEinzS__XA,sylas jg alma,167,30,17,False,False,True,False,EXm5uRZDlub9xQ4oH3d6MwIonfE4wzDAX2f2aPhno1mAiXg1kkGD-svK3iM18zmiMQmKPdLoWgYHrA,tr1
MASTER,I,KTA0T1P8HZoFsjNBoA5-cU4OEvHWG8oke08zQvzWULIJDA,Friss,14,40,36,False,False,True,False,9Vtp8S4zm_UksX2DiJXIHHZKqjz_axRPKOxuNmxTwJp2yniQRf9W5PgFh76GhCF-na8hCUzGj-kztg,tr1
MASTER,I,elOo02D9eShWEWPRAy9iBo8WKjSVUAbtx5tfZd-57ozznHCp0-KOWFrNew,Aptal Janna Otp,45,44,23,False,False,True,False,at_OwEqj9aPN1IoOQOu6O2_NEzHz6eoXQK3SPQV-ppSSiVd4O8VioHsYdWUhgSbHyfVBi3kS5tnAbw,tr1
MASTER,I,yqxMbXO0qIFhg_Otr6Jf6DXCaAcB0jZTGdoRN3NebOKQXV06AN6x5lPs5w,Uintonar,109,42,31,False,False,True,False,9fGAdXzewTM87CqJ7wCcl9Aog7M48ByJC1bHedO43Cnx_Thz08fJTEd-3d2uf914gjgJ46qzyFPVJw,tr1
MASTER,I,tKXINXwKeI4KnNxrQqWphiKSXyKTyKh2dyJSoBUHwGZ5WzMURZ82xxZL4w,Eelinitb,20,33,33,False,False,True,False,EzEaQ_3Fk3AlqAQUAZ3JpjIMjMZLaJpSiXpDrWhb-vHx4_Ktc9KRH1SiyJTNgUIY97_mDhRBxgHQnQ,tr1
MASTER,I,rzvNUwXAoJbz59tYYCDfSu2gmgrk5MFdvEnbfi2WEp4xwzs,amedow2e,20,22,13,False,False,True,False,rnJXl2_MotZjwZP470-OA1y41RFYrhw9wIQPjmW6OgmkQSf0xU_ER6c6hT5KHqTZmC-B-laaZF1wMg,tr1
MASTER,I,w5bBL-p7Cjg7s_OmfG8U3qpUny1ioUAJPcR1eQ8tGph7eg,Keroski,29,39,35,False,False,True,False,sL8E44_zVum9JlpFC3MzTSSUVt4u8VvxdTZmuTLBCLyt-es28RWhjHPpZZaQw85l9om2gK26JMqNjQ,tr1
MASTER,I,6c4dr7ytL29GZ6Qp7qVSHVOmjIAYZOsKWhynat-6FZ9uBg,Zulkarneyn,1,30,16,False,False,True,False,0CwfaiCN39ff7NsHXyqglNWpjUiPCp-qIoQM6kVOthO1JRlNxzUt1tYyUhAKLUk83rUt-j3NzHLItQ,tr1
MASTER,I,Zlwl8RF-rFoj1hMTX-1FoQcIBXGTpGLTFqpJy5UiwaLppg,S2G Bedo,110,25,12,False,False,True,False,Kivh0tgw5huoxe9V0rawItJuX50FbBusFo5tTXsRbYukI5GBJWbSHm8eEXZAsVZ9vm-ap0_yk15a_A,tr1
MASTER,I,cugf-OA1hU9D_XtJ9j9Lgg4085igyMYhl5ldJhqA7f5KAN2IjpH48lVb2A,Ilaiyamil,20,29,26,False,False,True,False,oVb1xaS2J__lUHHTf2UGURHvIOlFhSN0nO4IYoFI9M-X0zmgVGixBlF0DkMx-w_F8umV2K-C94I-rg,tr1
MASTER,I,B-RAXoqTPhk7DrLLDTuyLeNbIT9rg6UROnghTOq4aiwUV74,lol oynıcam,155,33,23,False,False,True,False,sATZJ4cWFwVQ3FvX6aYbBJrtIR0duxnra77gcu3GaqrU991PQNO1ionTQ931deUquUWJRCP-1nLyVQ,tr1
MASTER,I,q7guEh0qySgORZKf_1prF6LTPU-sE_qTIJjPReBDT5L2mw,yavsak btw,1,22,23,False,False,True,False,f8iiSu8ZsEb-77xYJJZBxM3agD5UOWc3N5Vx8kHaiq7V9Pij58rGgcatOajQM_ot1NmyaBXhNKHnzA,tr1
MASTER,I,rEQCA0Q9E8oGeH9fWPtq6iqs6Y37NAMIU7EswxX_xv8yDaY,Shère Khan,111,30,16,False,False,True,False,4tfY-ovOIreJxxVU5eXf1ibGDMviyD70x9VlUbQG5jvRQpLPpIITNaFqpHOEIaex6_MLHH-1QyOC3Q,tr1
MASTER,I,h1J_0ZkpNEzXIvnXrT1kZkxoiG8CD0whW8BE7fDiEM0ybw,Lana Döll Rey,29,23,21,False,False,True,False,pLwr0ZmAKP2gINgSje4SYsY488PsnrmAOtlns0nNDcI0arTonT97f0T3KRkkjubt6VAXiJHmaAYGvA,tr1
MASTER,I,qgiHWYd7aKglMVrq79zP6tNeBvGFRbBqF7p7Z4i2UdtVYg,Indie,1,19,9,False,False,True,True,-5XWIXlh-jOvbTeHXY_4e3egt2sIGE8JA249fiQHqBWbnpWw2P6Xe7Zbx4HZhL--Hata5TWOw7CjMw,tr1
MASTER,I,KViCogXrfZ3meWE2IWz8Anx4zhn9ErXT_hg_F2u_RCA-KqY,OGC Chaizen,168,25,8,False,False,True,True,QZbv94821O4H7TvBJWM8MqTL3dFL56pphveQ6aZUbLu51x6YB4hMHFQoFUpdXkzJR1s3M_84i-uaqg,tr1
MASTER,I,gmWH_PFbw2MvXD9TCv3GlHdDWPJTW-UI02u6ndG4BgniSqg,Luthein,1,35,35,False,False,True,True,IgOZIZ8Dm5YDVg0LtfVyGKCEBT8rCuxJtJ9Y5OfFu87rqnicPtR8Zt-H51KwSVjnLknBY8hxfxEGoQ,tr1
MASTER,I,X_bMUEYHJjdlFiOW-YQmhbUitffczQQrILp4tYC0Bpx9ag,Beni Şaşırttın,20,26,27,False,False,True,False,EJ4xE1Rn13o2xDl4kxCg8j_GHBg7eVK5ilbBCOg46tsG6Kxdhlxwg_qjuH6qcI6VvHUIi9F27AsX5A,tr1
MASTER,I,UFr1IyR6T8an0O0InagoIpfuixURC2LZWLUwR-PPO6b7,Kyuma,0,20,9,False,False,True,False,4iGlwjxGp-MFRXeTojUP680GJyrJ4SfFcAY6nUSc6tYLj8P-tAFSi4fv4zLSrfJ434qceipDL0gO1g,tr1
MASTER,I,_0eeYO_NDvHv7riXnobNMFXFg0ps6upG64QrL7v8mgcVr8Y,Jungle King,0,19,15,False,False,False,False,nKYi68MEjZe31OngVkNdo7SIReIrkF52VQw9H_gLZmo_BjOI7rIAPgmyckJLGA-hwfMtC9qJXC1oTA,tr1
MASTER,I,T9nW47SzcSR2sQ2UwTd5U-HbSQ0K0dMMuLILnSu4STnujQ,Acr0batt,3,23,15,False,False,True,False,lL2Kh1AsCrX2YGOmBQw5rSbXNMnDrxp78DCQYMW75f_LyZ1pRtatewdL-gVdXW7-KJdV61fMDBS-YA,tr1
MASTER,I,mVH0qu-2a7ytpKz2enQnYdsxFqKNlPTSpkfQTAxhQmbhRjgQE17MnlauTg,yakuzaxd,217,59,42,False,False,True,True,h-ktIx7VoatXh2aV_MD3F6MOvZJOh53ciYc019ktDhJPeqKSLSgd5idCZjJ-k-UdLSAMWNQBUcLxdA,tr1
MASTER,I,WO8CHopTFx4kDD5TbcaNVBMtyu8UJeW8CO0Lf3MNVgR--m40bsppIHqQsg,poison,178,32,18,False,False,True,False,Pz8jj8iTtmaPBuc_JTS8NjA5lwY0y-bBDVCLmGd5wMfX3-Odxd-kGGt5h5OemDgdE2lL4W9s--MSDw,tr1
MASTER,I,O65mbXQCcRPVYeQjvj150mxmvcvLzRSsJzbT4_5LakMP,ImOn RA,0,34,22,False,False,True,False,_M5q4LzUPSiIexWhxsurfwUWA97nIHMi4CEygKLwuQzACi-oKuUNVVmOjdMckfI3TOKPabGu4CK1Sg,tr1
MASTER,I,eP2yS9Pz-eXYMyzzmIMlYIg6cZbH1p9gAWhxw8KpJIxtisWVFPn7AjoChg,twitch sappxire1,84,26,18,False,False,False,False,XEW27nYTDepHM0DD0tjrXUVuOoZStVXNvFKXidQRjVxoy6E8XY5PrJj-wK_CXMZNIDe2LciSUDNsRw,tr1
MASTER,I,gnpMlnnHyR5mOt3O-tnrXBw9ngvfhleqf1V0ggeeK1KqT98,ajau,139,43,29,False,False,True,False,cMcYQseXzAjjYN7YuEZbh2OXwmkMOQgqXbUZ6IoKwVqYdEbZs88EdsqZNhR2DauzF_XvaWCWwqHhnw,tr1
MASTER,I,wTdQnQhOKuoFhWSjgcBIE2xgl3q9Q3KveDFLPw8nQa5oo18,Diabrus,24,18,4,False,False,True,True,pKo3eJOh5umvE5-UtSsKM8KMXlZNIu2sBG3FXVx5oG_RfQeIWjKyO1UGPiaR49lOTRmeGzabX8B5Lw,tr1
MASTER,I,59-PtBYosfy6m0GXFSenxqfjzmwGygx4OxTI8LB9Sw0OQl8,kalpsiz31,7,29,26,False,False,True,False,fkTmACpttAqHTPB1kLvgyjp_3qME0nYHJhwTnn3UCSvIoOOkVYQ238UaKhLuOkzJPjXUtU2DghsejA,tr1
MASTER,I,zdtukQOly-BmBu016IgJbeLVSZesr-SqHXm_XEfo072tHQ,lol oynamıcam,20,21,14,False,False,True,False,swQfmqLAXeo8Pt631KpaqquayPG4ISxAhORacpFKGvnt6DWNSSnN-dwUF9jiFLzk7GyGUn2zStV1Yw,tr1
MASTER,I,oHdObFrpAc5_UW7phpB2nzzQrdD4QQL9xagwtd1URX_blEk,Atakush,56,42,36,False,False,True,False,I26wfFqlgDczma9h5dsfrOuhABrllB-xPKJAt8ARYPC2qQpE8xLvtw-gUc98fe8fa8s2iJbJqpuJxw,tr1
MASTER,I,hjGQ2wemBe6IYJdIYY8CoHxFxDvS3sZhJZ52y97g2y2Ycg,BYpas1903,0,24,24,False,False,True,False,9pYZj6Yaq5ZkDvLMc2GVU0TgyQXJ4HnVEiVmUWXNGXfcyBHDCucg_5Eyy9yY_aZyzOD_9Ru8PjR_sg,tr1
MASTER,I,2UpEuIEsswBcEzTOY5kF_Ib8j1ZZekEXK22OIHknE14N2HpOwTNaVm7n_A,Magilimire,25,26,19,False,False,True,False,Ub8mB32nEZnIZIzJ73_jOBf_WZpG0yF90CMY3PdZshvAdRMFFwrmm2ihFV_xag53XiK16FHWTVJhVg,tr1
MASTER,I,RjeDbLCXWrJPx4EQ4UxOfb-qMGnwqo9VLyzcgzt3KHOYoT8,YPT Libır18,0,22,15,False,False,True,False,jsw3jryCplM14m_y6y_8Zsb1KDXFvq3C8fdqI-kmFU5T4L6ldvUUEuDb6kVtafmQaGDp49m3GHWhLw,tr1
MASTER,I,3uxgZt-KEjdsZSEZCB7VlsA2naM4H7fpztcXe_DYn9Ewxs0,SpoNk,1,30,14,False,False,True,True,wvlAz2JLKnjzzfXIW5teP7pcMN6k9BgYlPY8CBZ8YvESoSC3HIrWur7NcekacPjgoXVmdy_QLliBpA,tr1
MASTER,I,U7Q0VPxe7VRqF3e5Fdd27z3St_MsxhiFR8FJHU-RozsaVpfOQp2efsJyTQ,Kaympeterr,36,24,14,False,False,True,False,I6-nExW2xgCpIaao69PMMHS9b3PlRi0YpErj4vLVXPM4ShDdSs1SnPftZc9oGsjFE0sDe2UTO-tRZA,tr1
MASTER,I,JVVeSBFYpx5sapfJw8bK0HICFkE4s3MB4-RjQRkyeVdtCIHhRLldmFyu3g,Zolithine,0,23,18,False,False,True,False,0c3InvGZ_y--k5SGDNweRFWqGY_BNaDO4ZAUozYohBc9sM2NOrg2BCyvOd6uh2T-kVDSqSXEfdWwTA,tr1
MASTER,I,JQ7iaZUFFx8XV7JxqBja2qjMWI6RTd7A6D9NwasSjrAD,orak,72,36,26,False,False,True,False,dEE5rqyVEfdjgmJ4-JaKV6zyulBVuPj5tgtUD2TVB1AdfsClW7wFc233JJqc75o8qAH9kMUR1Zu1iw,tr1
MASTER,I,Bg7XZP-n3jsIKTPXmK-0l3P6vUWxEdUO20AJ1bvqlmnl4w,Avo,1,18,8,False,False,True,True,QdNt1HcD5dbUuGvZDzJj2MLeJrP6VxtTidHRrGFx13QYhHKtMw-LbnA719CjZGiujCz_UOJpM7H2Uw,tr1
MASTER,I,Lw46q9JzGrjuEmthVlps_aPRLGPpMoiMDMVyvp-OnzE_P1ikRuH036bCIA,,35,36,31,False,False,True,False,JR1-WRQ1mMZHVcbyhtGRTFdV-nqvpSxUlfbRy5b3nrk3X2skkgVEQbaFFHxmu-7VZeI4i3iHIMxuyg,tr1
MASTER,I,03mk2aGqSY-TfiE55jFOs_rcSd5mq-fMOlfbEctMDespjx8JiuvFAlmjww,im not ur bf,1,16,6,False,False,True,True,PxKF9emUw__eu1a5mRhFA5XjLk79PG1FbC7pgjlSN_u-Ly0ZB_NXsqKgFbNMGquSt7x4ski1RXysig,tr1
MASTER,I,a0j0TDD3bW7piRj9nxt1zp8n9HTkae9TGlxzTi9ipYeHDKkkqRsPGAEQQQ,Elonuzda Pat Pat,63,43,28,False,False,True,False,cbI2YA3qqhxf4-iGlO4JVRA-9p2HNrXe8S2q9RRV8qlKljVDW_QM0amrlRjQJrIw3NakaX1T-VrbAg,tr1
MASTER,I,fFnNyJqyaMs1vVx2Qef9EyWJXsTL4bpmKVwse2Y3FdamggLZ4qR8TppbwA,EOG,1,23,14,False,False,True,False,TFFFGJUpPqdoj7zj4dHD55POssmpkQkYD8E_2cCT6tx6n8YNTef5K0HIY8KaHtUdHYodyZTwg3k9Bw,tr1
MASTER,I,5N2TLpiA0h9TRFFrjaPUOC_tzCP81keLM0t7fDgCR1A_bpF1SGElGTFr1A,GÔTUM KOCAMAN,0,33,28,False,False,True,False,v08azFaWSDIytJ8un10K1V6JXObojCp08M4pjdYJfhCGs9oUB4oIEQidf9uy-Q8hGwULOCvLIfFeFA,tr1
MASTER,I,rvSf-tFtg6-n7I0JdtRRWtIOheZJgAsWqU1Z6Q4SRqHuyA,EbûSufyân,80,42,27,False,False,True,True,5_o4t8qvvRwrlvaWuN-ma7H3CTYkEXVwzG2bVd-LT183TSp3SJVLWnjpLyf818oHiXgqhdEJBs8EEQ,tr1
MASTER,I,E5tHU6YK55xfH76NoZtFrh1R223AdOQeGh4pLVupFsYO5sugiZgwUQf77Q,none can gap me,53,21,7,False,False,True,False,xM577TZXPt9ONdFjaJvN0psDNQEzzjTK7TLRIJxCUKNM3Z6d0UPRknpzMr5Bab08-eCUGFh68ua4KA,tr1
MASTER,I,pZm8iOnWhjQ9ZMicmrlSGC0vE4SkUQwLo9icF1iGxGjM-0LgAbSD7y5Ezw,,67,25,12,False,False,True,True,VFsKS0gDhSQvo0TBiVc1owXOrn4llKk1LnPpSf5sIVcW6RcXivIGU86Qta-FqH3ppeuNIwudk5so1Q,tr1
MASTER,I,t8qrKyqd74O89Eqjol6ALE3UaIU13-WzVpZ9r2mY5Vpa_w,just kidding,1,29,26,False,False,True,True,6_21rYqDams3ZdOmVloZJG6ssXFyo_MLjz6Pw78Bgq2LrWTl4iZpTRT4FR_c-RfeDJy63N8KrLkfgA,tr1
MASTER,I,ZmkV9RMp2CZoGvpVo1HWO-duS5rmKix90WG9ydGIOu1PCQ,Klpclr,1,21,16,False,False,True,False,S4aiSJHQ1QltGJxBowrbMtpPLPTUK9SbS5XvHdkQVTVFrkLFQpg0Rl4X6S-ln-JddsUWDRDiPI9XJA,tr1
MASTER,I,wV4kKpvSbtN_DYF_VCYyt6gfTAO0b8uvf2uyYsMlGGalMuc,YASTIK KILIFI,1,21,12,False,False,True,True,mDN9Uz7WHKsx0xXW7jjotHBDr_127sEcgIXs3hjIA_lJ3e16iXdutPdMzceAYboiuCIorAwxH0XSiw,tr1
MASTER,I,3DPS2g3vgRQp8QFZ10qKTkWRiVI8-nmgU3F_0BtDKuy83U40k8bdWZg4AA,DD Queit,71,43,34,False,False,True,True,HUg6VhUjwS3xZjI-s8oYAOGz9NRyUrunwwapFv4wyWSFjDmeq701wz8i7UrX0DOlSHLUz5OGv0lLsA,tr1
MASTER,I,ZCcKHLsT-NaE16zGRzyYA3R9qz_J8rYaMWoXng24-h-qNQ,FF This Game,24,28,18,False,False,True,False,mXd-asHtM_yGZtHBmqXJM4-lRMEbC-Bo-x7WTtVMnbo29q2rAtSfm4klCDrcdcdFsE3U9H087ghi0Q,tr1
MASTER,I,jz4GYaPtLShpziBFhpjaOnFpF-kFKQewi0Wmy3UFJGgrBI0,yizzy,1,31,32,False,False,True,True,kCtA3pubwNwn46emxyTpjGwPGFJliw1J77rhSZDPxmkU16DMapgigr48xFBgc8LT76tu2lj1xsmMWQ,tr1
MASTER,I,AYfEeDq2IxwnQJ9P5aSx9J6Zkuu_AtDUXE6CC2HtsUus50h049YdCDynkw,love kite,0,19,3,False,False,True,False,zN8sKkwf5k98xfRIANoRrIzKh9cqmYy9xNKZvC0l94Oce9jafKTEoSWuFtwBZJ1NjsuLJt3zN37cvw,tr1
MASTER,I,snVHq0cXSocOWNb26RGyRkq8SmMu-IHK9bZTLJ37QBrwRy8,IAMLOSINGMYMIND,1,19,13,False,False,True,True,RfbmOhJFF9ieyJcEkmSYIj-JGzrximZcM8D71gxNA12QxSDsj1Djl3mAFKFPNCAk2Yw3NlBwWjR5Yg,tr1
MASTER,I,tkkFaKM2NDEOJ99PRjTe4d3YX_Kk_LGq6HExozv_mXEE0A,Xayaşkk,1,27,24,False,False,True,True,ePchfqw2jDirznQAI9krt62SuaWFuzFNEkYiipcPgRGssTs0fyoUcoN3CmnaKFEkrVUoMm21MAwRjQ,tr1
MASTER,I,xOUQNOJ1d6vuKYGwYAkG-n9nWesnytx8MyFNqim9wwnnmg,THE MAN,1,27,24,False,False,True,True,IzIjH4WqjBii02er5tVdj2d_DPX6ZDnwYRRQ_xIP_zlw7jWMPw6DSCd23scDfLasQk8kUhWq9cnJ8A,tr1
MASTER,I,V6rT3mZYfX3RmMO70WUzXO9EBuUHNgbbL9tNXEAZck195w,Opender,5,31,32,False,False,True,False,iZ2AhNBP7HrLPwuCetBwtw3DridGy8aBol8SYaq1KVUJebsryFwNbqRoFgv63vHIHevNbNl7dQB8tA,tr1
MASTER,I,uXl2vQHT6aKBPHs5Qxc6gLNzzbCU12NzuDDLqODFqUQRr7LRT2ByaCEagw,Rêaper,24,27,18,False,False,True,False,0qz-nJ3Gvm7om-tVVNwzT8syn8Ftie49usRA2LJbEmT8OQg39dYbPmid-okh38Qip70ImgLk9m3KBA,tr1
MASTER,I,MOixv30_H80SoAzGB0_-VzOf0ws9DUyYWK1IVT0f08kCjSA,F L E İ S C H,1,46,32,False,False,True,True,Hu61KFW-yZQs3FbYefRnUlpUwviB3dly_Jral8b03G2PDgCR8ImxR7DtrMXxWQ02jiUHSdTTKxPJ_w,tr1
MASTER,I,FAB26WZaP0txGVp1rUUTsSKw9JKMPvDTo9mtlyBhPTBFjQ,I am RikiestA,194,63,60,False,False,True,False,bOI4cd4ZoCZKe4dJcGOxi2moGEK_ngd44t6f9onaviX6j4O0dAevhGuQxhqf41O2TaJgcqegACb57g,tr1
MASTER,I,AVkxAbyjexn-SSwm7HPgMhK0IJftAl-6BkfwKvY6lQSHqg,papel sama,0,29,20,False,False,True,False,9We2lZn7E1i-Yen1huwjWORAdc6lu43HmgAsWIBzIe2GAbUmup36zJndixzNBxN2H6a_PXKxijG9fw,tr1
MASTER,I,tV4OM7BuRhZPgjNJf8NezYyRUIpI8tehjao_vLDUZEaF1b4,Space Attack,20,49,35,False,False,True,True,dTthAbHl-isW0VO9j63-BwRKMabm-IoYmVckWNtQz3SEZDPKfmJj1KmpdSH2d14RjBRItRP9H4AIcQ,tr1
MASTER,I,nVflRh9BFDEDZSpQbC7HPnUKLTzqj91yTj0KyZSf33PaJZogTgzEIw5-Sg,Vunex TFT,121,89,82,False,False,True,False,2Vn1JQroWRth1d2IgJ-4D2VTaLlchIuyd7aKSJAITTDLp5CEelNxeJ8jxQn_nVNHr7F2cj1fIgX9Ug,tr1
MASTER,I,MFYQ82KeYfsnH8lhJpsMmthSBnAy4G8xiOZjG6dJOIv1rw,Arsene,1,23,14,False,False,True,True,aXxWUNKMR56bKUPZ6cnGNQEXtBKPrQs0SLgoqVAVHAs0chKykVEjdaCnorXOirMtGPo0LIgewBZE1A,tr1
MASTER,I,wi8v56k6FkGbSWcgVbNcs2Bg2TuEZ1YbICxPzeq_4TZrcfo,ESC0RT FATMA,120,51,28,False,False,True,False,2aPC-lgb0gjRnOxVq5bMLNndgb6pOXf9iQGyq-j3cpv2CtQSkhKcMa9vPe9unpZtwU2AIJQNVhdeNw,tr1
MASTER,I,B5W3RSeVzCLCXeT-A2YgbGdWBF8iniWHVucSLcY2FjCeuA,RuIer99,197,27,14,False,False,True,False,uux2GMpUl75QoPYEz6ncD-yUKLjnkTqUSAFkHqVwXHUlA63OEdouIRc5D4LkDMxgz6Qc2Qhv1ACmpQ,tr1
MASTER,I,iYvUCKnSzAsG_9WCnVrkOj6rDZCyd_60bAQ14yLkB1Z4Xz4,Forza,45,34,29,False,False,True,False,FX8yNnoLpUrLqzhO85XXRsBjscmp3WNAIs2iEGKzDJ_3bi5G94iTB0qei873Tnz_ycpGiftHMAMM_Q,tr1
MASTER,I,TP-eUrnlKNWk74hG0hnzw2XRf1BJrhK8ZYbaONBHSS1gnWE,TrueAlpha Rengar,46,32,28,False,False,True,False,J1tTXEQIxGPMA_dkOpYAP25_2tNhsVop6H4ha8j0QgONIOelmIU5ZnnQ-v0U5DnsdVZyKnwVvp9Gvw,tr1
MASTER,I,FP-mMPynuZldhzUaR6MO08UhuZ_Vj4eaIwXoh84jxDYx_eY,L3YLA,0,30,25,False,False,True,False,8oWnTVgE_4EnOwzw_79AqqddN6KcOkrMXgDjux7yoAtxQY6yQDRegBWdvQZtXltP-XQtngvLgaiQ5w,tr1
MASTER,I,wut67rPbfDO3G9jFxhLtLiSyeKbZSZMWTBOUA531S8LfemFLY8ccU-2V-A,next to me you,1,35,17,False,False,True,False,QlJZbn78cwfMvDDnAes51lRJgvTT0g6NONnihiY23SNB4kaFpt_V2eY9PC-zmkYZMyF8AnAAmi1K9g,tr1
MASTER,I,sC9mO3c_rBU-yyrppNXCMUBwWssAFJZ6fN9nwnOBlY5wESY,hiç sevmemişti,118,29,23,False,False,True,False,0PSjsg465lvNt3p_X-A3OKKjEN_SNPfHWe6cUBMhtkqOiBDBwfwZ-QJttONwoEt31zpGCjyIYTMjrw,tr1
MASTER,I,nwaOjoBoIxH80CP4TIWmwWIHiErOPeQiBhChLgXpuvdN_CA,uPss TopMaster,93,40,35,False,False,True,False,tdJxHRMckMD-CcYdz3uFrCAF34-JxD5fMtzCApY9K92lAN0XQ5qphlPQQ9QYg3FwFpM2ZGVZLEPJOQ,tr1
MASTER,I,DufugLCRR9R6SanhlW9QzCc-qZxxlgN-7HcRNVN9at3dxEMA9i5TwzVvpA,ecl4rky,22,27,22,False,False,True,True,IhKPqKQEmPvOe99paHRrt6KqBUrSPerVf-00OXRxyrS_Q8-VqgRQrcb4Q6Hui_o5VlV0_K6zSeXn2g,tr1
MASTER,I,FOrgJKGGSOdJ0mZSiyU19-_hc72g18j0cKnqf0bvmMeUNg,USKUDARLI,94,35,20,False,False,True,False,_BycNvBeuOXAbnHqGOREI25KsG_cE44n1gyOq5_8Ccnub62Dusmxxb2bEwtHA6MHsVG6NK-HsnGKNA,tr1
MASTER,I,Jvm6D2TehUoikGJyNELnhSR4VQfHgDepb6Djve_8t7mqYgGE2YByJYvaCw,Âk48,15,32,27,False,False,True,False,5-dkklYS2RFzaaA4QA4bQygPAuMW48dnLE1KB3-x84l3nNAWHVLHpXZsASZO9JdLbIGn1e-A7pSACw,tr1
MASTER,I,EjpiULq-yHNLa6XO8KSC7H7qXKIB5P_YX_ezLRWagxRNeA,Novaiser,24,49,46,False,False,True,False,6s2WBqdTV12TI7FpILKUmuLlUCvo_5NqNAEt4Er_lE2R6rwXOFq_vG9BRKF79z2VlNy3qwz1XvZY5w,tr1
MASTER,I,22vfawh8BNJlXxNuM59qgoTpAEYT0G2sIFleA8zpT63zMQ,Mamiodas,119,42,29,False,False,True,False,UHVnIPNQ8q7mgHLYAX2omwBhige56G8zi_9ADXWjJMJswPn8WoD-SZjHH1ItkpaIk0xDr1e2x-AHQw,tr1
MASTER,I,Eibty6SL2k65H7ClmFWTCuyzGchNdD7rZEVqhFSRtAeamQ,Rust ln Peace,21,26,17,False,False,True,False,lBtJoBgqcHT9VdrMRoPv6NoVNijbil_BbQcclWxGCZ0zgTPT3WbP-d2BSb2LJGpkNqI4Op4-LRLRgw,tr1
MASTER,I,AqocFqlNWlXkQ1GiM--u9ndaAKSwA5UP-SjL3kxNxWRrhy4,Mirmonn,31,22,13,False,False,True,False,qAqrQeRjAcZzxId26lBnxKvf18BJx5oD_eHnwrIQAOacfRj9cKO7nFAT7GCwLDX7bT1wbrqQ3FFYqA,tr1
MASTER,I,nzNaYE2IfYSx1g1XpOe4EFxOkxpVS-Sr92HDpPO55GdQiv0,The Cure,202,45,30,False,False,True,False,XPX5VmDieluJmp3MqymaRYQO0b5xpvfsTnviHIPQfpY6SZ42k28I5VSBRKMnRHw7INQimZ9kBl3kpA,tr1
MASTER,I,NR2chmRsorEY5iTMz3j80_UVHWGsLHQYPZ6uLVDSO1JPd98,engelli birey,0,22,12,False,False,True,False,KGcMLPYKaqoPrzTazyyvobeDjY2bxEB0f2br6-Pb59gPC81uC00jCI9DjIH_Y66bb0SnJLW4qpralA,tr1
MASTER,I,lwzfNyDrQWyCLSYqXuPTGP6iA3M2ZBC3aDWA-dqFmU1OJA,ANGRY Daddy,0,31,27,False,False,True,False,sBrmKM1zKZjimZPZBhKnHDz0lUFuWTKH7MBtt5eoOh46v2HBzMw2NS3MCa0LIvfwHyNJxr_9iEkKPg,tr1
MASTER,I,mkYZdwWt4zt4Yjok_EomD8INPQ1AOu1M-zsxf1hgj4YU-jM,Euphonium,66,56,50,False,False,True,False,Uff0njRfHLXIvY9fNryR4uyaOsA7-bKDRclC-ICRec25adp6mZX-W-cXYF2jkLfJsO0rz2U-t2K9bg,tr1
MASTER,I,hJtHc2acfZfL_4406JYqJaHCfUshUJUylYzJSje56pZIGJLJHBTS-E3Kuw,ahri buff,1,19,11,False,False,True,True,EsPZ2zfhfnVOprpDSwiTCvi4tYq2-nIkP95R89pemMzsa8hmHTPHKR2Lq19b26LRHWk0CZVtLmxemA,tr1
MASTER,I,m4778Yp-M3tkiYBPQBKD18egWaZHqNEqqRea_gS7hCbK,Tyret,0,22,12,False,False,True,False,4BUTOQoXiOGIElWF-mLv2p4erTvfSnVAS3hGTlj9X4w9PHzBbUJF-TZTpbackiSE_RZxRfyIJH88Dw,tr1
MASTER,I,PztGF0KtnCknP6AKk7GefsRTBTAd9XRwKesJ2U9YAmkzFQ,EpiIogue for you,26,20,12,False,False,True,False,3q4CtjnJSOllUAshPSk7BDUEJqlYxu-YPSX8g1ve3SDcGn_a_L4dw8JtTM6r0wVBTUNNj80i4shgXA,tr1
MASTER,I,39_UlPMfQv6JWfAEAUtmVmNiZTaaA91CcpA917uO0TiF5sQ,TNG Redbull,1,29,21,False,False,True,True,CP1tcqmGkzrj6qRQBXfUxgOKu8bvtU9c4xQYDtj02o_ERqekO4oYKJV37RGQDHoNxF-NnNFLOHdz2w,tr1
MASTER,I,QgUV7WQ6kRZulgO0RgJq6-djJ8p2KUppOLJJAy6r5YtjVA,mâHSEN,146,41,30,False,False,True,False,NNY8HEorir3lr-6mWlbLrrjHMIYUVyrFAQR0DoXHh0n0OMvpO8s6X11d_fRWD-BjtKghXC5x7dUFKA,tr1
MASTER,I,j9T7XyIKdyda4Xy5BaF_rtvMg_1-OzLhdMKGQwU13A7XdHD1wpfOdVIgkw,Hicolt,112,55,51,False,False,True,False,7F9ehkCDYCc1ltn4MCblgFWn7aNM9CvCTqkeW3VlOxbu-XAZgfxVdDb7B3fmNfzBNUqBCZft9r4Nfg,tr1
MASTER,I,WnINi6H9EvBxBkE7rQFqGzAQTfqNC9gfQSqr8da5fnBm_w,PANZER METO,22,23,11,False,False,True,True,buPHdSmfgW2yRKuXnivB88aH_JWsrVNWqEB24SovAqMjc82wsV98-VDk9AZKCv1HIvdNoOkQkhVROA,tr1
MASTER,I,fHSy8GqN9HuG7FehpPbzljB7W3H5cmQ6wqmjR-50crCIKKs,Nagînî,2,34,31,False,False,True,False,1jTWKLMGPHnDSHuKfZJaA2AAFnxHe4LmuOwa5aK2IlceqQK-iJeZFLUwhGvgdwsWCcXkjA0WktCbCQ,tr1
MASTER,I,-W_gFD8NYXf2b4Oh9IU-Dis3eqBkPQQbUonc-0LGMV4gahpd60d6vhbCFg,Master 9x,43,35,27,False,False,True,False,u3NcYDs6RkHtPzsHBy-zeicBgTCiIV82ckiZBzDdco7Fx-AZHeNuhbd90bUFW9aXx716RgKxGY7GNw,tr1
MASTER,I,iAB-u85Dq61ObRh39XgMK_O3VMtewiDNyVdjaJKsAkGp6A,Avalanché,45,38,32,False,False,True,False,JnsD8KYmYSungIhO0s7el9drCR8sVadiH9eCOg3O_q2Mp_Kc-BMhsoYiZTKRywbrFdCC-usy_p7M4Q,tr1
MASTER,I,a3n3DaI1Tz0TnInWmbMpkRz-zPRz8tbIj_LHIm98gpvMs-A,Devon Laratt,19,25,24,False,False,True,False,ND9CxtIAqtSC91ZZXXXKP2Be7_hWmUzLUHrSZuR5wt_AjaF1dDb0dES2UuK03Jk-cr9Xbbm6k8cl2g,tr1
MASTER,I,-ZHSjPvukAYMAD4B-18aQf8VJ-obwWhjYYPSmPLEa0zIeg,BACK9,36,21,8,False,False,True,False,Le2LkXiLbO6FRXllMdKCbmrmyBHsfg3kWEK525t7PIrfKbc_Gy2AtREHgvxJybVtyH7JcenZNDFnww,tr1
MASTER,I,6UTFv2o9HY0NdOoZoiVoc5Cd_udtzqQiLT9gn_M3oRDIuZ4,Ünili oldum,40,45,33,False,False,True,False,1Vw6eJ55J1UQXL0tarYkxMI3S5xe_FEW3n0IqcFXhpB7lB7GwNKR_QQpVZBE9lE3pB7P5oEkcalBQA,tr1
MASTER,I,rRvQ0G5QlKkgEkkbbFiW_jD441Mcj7wpF0T0aR7DblEpgg,Schutzbrillen,1,48,45,False,False,True,True,DohP5Qs-KA5rmSdjtZygE06zdQDtrHvfbH_GubGjrBIipD8iGN4d72d7057zcgxRefft5oUy_SdBRw,tr1
MASTER,I,tFEfwMMtudJ6961f5MPcr-qcfUrWC7o3XUff6tIzVM8lOzk,UNGOLİANT,0,69,47,False,False,True,False,IEOqk9Q3YMa69Qj0xtwoYxmUnPRcjl95PY5IVG4sjY5xecylrB4Ux6iLln9GXnlQd1nCnc9jH0wfgw,tr1
MASTER,I,GSQKGfxM-6y5r728joPAsLvzhjtv6Sb-P0DdXA4N5syOQg,Dellen,24,25,14,False,False,True,False,4tPpeKdl_-8Mx6sWeLqEFS-PLyVmgRPgmFW8aDPerVm2BeJ3SRBkmexXH-FZd1ylrtWeANvXDfsr5w,tr1
MASTER,I,Scm4QcahZmpzW6NkGPTpANct3Os-y-BjV6SrtfvNPlZM-9A,Euzuro,21,23,18,False,False,True,False,s7dGMFHUjELlStjtOKYOVoMF4DqWTzEgE89W1QXGkVDtL1J10DI2KRK0_UKPuiwpFfO-bEpEJGieFA,tr1
MASTER,I,sXHWVv06HP4kUB2GSXs6kVcHqbtiZlWDjaUdt8NR0d6EJwZDtilKKs9L2g,Rodblac,30,26,20,False,False,True,False,88noYHfKc42IRfUg9Z4KFI4wBm8S6uhTKIgU6pD2daKY_aTKG0oxbRtWC90nqXESxUFic2Mn85Z0Iw,tr1
MASTER,I,QacrCnwgXOnFxYWXkj3E6XUqpTSgGialVbCZLjf7QogtzA,Silenthaven,1,19,10,False,False,True,True,SPz9wZN38kzLlmjGqSkm9UMGTxXsCIxURmTQpHgBYzl8tw7I30SX-orGhAg-Ef0yS4T79dBEBB0okg,tr1
MASTER,I,J7VCG9EnGDiKtoFvFbGvR-GjgvDnVf3GptiNVLoHVq-xxKIPZST0BHBuJQ,lurkz fanboy,1,18,6,False,False,True,False,PesW9UudHeJbSOHXNsOr6d-5IwJ9Pl5mIDc7Jw9sRPQw1iUnGkQnp4YRoXr9WxplzxyBom_73lzPvw,tr1
MASTER,I,WqqZbhbBH3kbVw-oym4HcSV8F0b4hAab6r6rniKoZUygOis,Ousen,109,28,16,False,False,True,False,E9Lf9c3m6ApRWd8C4395lKPNBWmSnAXVYBA7BjsotTb4FCYgRVRFAuEoAD6Pk1QQ6MxE-ak0Gvro8Q,tr1
MASTER,I,SQnXB2KH-1iuhP0f9Ej6E3-TDiSZlop4IucFSLMINKHlU90,Npc Feel,36,37,38,False,False,True,False,5Z232E5RTm0QQTK6KkAYasCYdjtP3nxTvxkxjjQ7-BnkMqbY9Fw1Kml8lV60ZrPqoVCC-VZ8RwN7tg,tr1
MASTER,I,HFRJA7OP_mvJnY3RgTd1TbpVsi6CMKD7EQLmmmu2mWbVdNSapypzML_dgw,afraid oƒ satan,0,17,11,False,False,True,False,GN2uzQ-swLFOn8Dk_sbyWp5kmXLUvpaTMAijWPhhW4wldXivIEzRE5uJ9tvQarwuZ_xC2CAAHv3kOg,tr1
MASTER,I,GMvpG4Q7-WIMQKQc2cNukWUEaPqbPNqvZzAYuALroFLA-A8,Embrace ur Zed,158,42,36,False,False,True,False,x-VK6_-HXU0Ri_OZc_xr6c2goulIzv-5g7aXlNIC4lc85zzpnOsER4sCHmF8McD8Uctp0iSVTdQKiQ,tr1
